"","Class","Chain.length","RI","S_Nu_Me_136","S_Nu_Me_137","S_Nu_Me_138","S_Nu_Me_139","S_Nu_Me_140","S_Nu_Me_141","S_Nu_Me_142","S_Nu_Me_143","S_Nu_Me_144","S_Nu_Me_145","S_PF_Me_176","S_PF_Me_177","S_PF_Me_178","S_PF_Me_179","S_PF_Me_180","S_PF_Me_181","S_PF_Me_182","S_PF_Me_183","S_PF_Me_184","S_PF_Me_185","S_Nu_Ma_026","S_Nu_Ma_027","S_Nu_Ma_028","S_Nu_Ma_029","S_Nu_Ma_030","S_Nu_Ma_041","S_Nu_Ma_042","S_Nu_Ma_043","S_Nu_Ma_044","S_Nu_Ma_045","S_PF_Ma_016","S_PF_Ma_017","S_PF_Ma_018","S_PF_Ma_019","S_PF_Ma_020","S_PF_Ma_031","S_PF_Ma_032","S_PF_Ma_033","S_PF_Ma_034","S_PF_Ma_035","S_Nu_Li_086","S_Nu_Li_087","S_Nu_Li_088","S_Nu_Li_089","S_Nu_Li_090","S_Nu_Li_056","S_Nu_Li_057","S_Nu_Li_058","S_Nu_Li_059","S_Nu_Li_060","S_PF_Li_076","S_PF_Li_077","S_PF_Li_078","S_PF_Li_079","S_PF_Li_080","S_PF_Li_046","S_PF_Li_047","S_PF_Li_048","S_PF_Li_049","S_PF_Li_050","S_Nu_Ib_095","S_Nu_Ib_097","S_Nu_Ib_098","S_Nu_Ib_099","S_Nu_Ib_100","S_Nu_Ib_131","S_Nu_Ib_132","S_Nu_Ib_133","S_Nu_Ib_134","S_Nu_Ib_135","S_PF_Ib_091","S_PF_Ib_092","S_PF_Ib_093","S_PF_Ib_094","S_PF_Ib_096","S_PF_Ib_121","S_PF_Ib_122","S_PF_Ib_123","S_PF_Ib_124","S_PF_Ib_125","S_Nu_Ru_146","S_Nu_Ru_147","S_Nu_Ru_148","S_Nu_Ru_149","S_Nu_Ru_150","S_Nu_Ru_151","S_Nu_Ru_152","S_Nu_Ru_153","S_Nu_Ru_154","S_Nu_Ru_155","S_PF_Ru_206","S_PF_Ru_207","S_PF_Ru_208","S_PF_Ru_209","S_PF_Ru_210","S_PF_Ru_216","S_PF_Ru_217","S_PF_Ru_218","S_PF_Ru_219","S_PF_Ru_220","S_Nu_Ca_358","S_Nu_Ca_360","S_Nu_Ca_361","S_Nu_Ca_362","S_Nu_Ca_364","S_Nu_Ca_365","S_Nu_Ca_366","S_Nu_Ca_367","S_Nu_Ca_368","S_Nu_Ca_369","S_PF_Ca_370","S_PF_Ca_371","S_PF_Ca_372","S_PF_Ca_375","S_PF_Ca_376","S_PF_Ca_377","S_PF_Ca_379","S_PF_Ca_380","S_PF_Ca_381","S_PF_Ca_383"
"C17:2","Alkadiene",17,1659,0,0,0,0,0,0,0,0,0,0,0,0,0,0,0,0,0,0,0,0,0,0,0,0,0,0,0,0,0,0,0,0,0,0,0,0,0,0,0,0,0,0,0,0,0,0,0,0,0,0,0,0,0,0,0,0,0,0,0,0,0.0763643374469642,0.174144831708357,0,0.0375282872526387,0.114877541926004,0.023788922029746,0,0.0199714101596872,0,0.0369221430705297,0,0,0,0.0512167679658532,0.0375652096173347,0.0562597900984832,0.116704737815214,0.0826043979848642,0.0152228110562518,0.0116865723058956,0,0,0,0,0,0,0,0,0,0,0,0,0,0,0,0,0,0,0,0,0,0,0,0,0,0,0,0,0,0,0,0,0,0,0,0,0,0,0,0
"8-C17:1","Alkene",17,1666,0.0310412473769286,0,0,0.0900191441350282,0.034148754468815,0.0173680994533553,0,0,0,0.0281825403092887,0,0,0,0,0,0,0,0,0,0,0,0,0,0,0,0,0,0,0,0,0.0259426363065012,0.0965055797188537,0.0137410026730077,0.0120571720258565,0.0267196072606099,0,0.0496604150730735,0,0.0191252724164637,0.161158490280241,0,0,0,0,0,0,0,0,0,0,0,0,0,0,0,0,0,0,0,0,0.434149342049782,0.532149095623734,0,0.165796415796527,0.25571608120526,0.137609515435958,0,0.114985533169231,0,0.142168779045471,0,0.0496570296016833,0.0446241776766024,0.117056474439247,0.189471498609618,0.243329201766978,0.0309572074223005,0.343678122967545,0.0586703273232097,0.0945262660790256,0,0,0,0,0,0,0,0,0,0,0,0,0,0,0,0,0,0,0,0,0,0,0,0,0,0,0,0,0,0,0,0,0,0,0,0,0,0,0,0
"C17","Alkane",17,1700,0.0308323550888338,0,0.0197842730697892,0.0808759902213577,0.021132501893398,0.0164317912321554,0.0302619988294555,0,0.0620416424090642,0.0180897292121547,0,0,0,0,0,0,0,0,0,0,0,0,0,0,0,0,0,0,0,0,0,0,0,0,0,0,0,0,0,0,0,0,0,0,0,0,0,0,0,0,0,0,0,0,0,0,0,0,0,0,0.183649140796675,0.603224289960968,0,1.24654494311997,0.319070875039245,0.117678035483862,0,0.215433611766059,0,0.0873840173568559,0.024013248733459,0.271667496034825,0.0367952281868057,0.238748260643635,0.124392068252555,0.194442119322039,0.197601689845885,0.217487937007852,0.0456597692788122,0.126367475415699,0,0,0,0,0,0,0,0,0,0,0,0,0.0182404339680645,0,0.180926627823908,0.0728765285735635,0.14552596010404,0.184407434570825,0.68822323038129,2.22112266110615,0,0,0,0,0,0,0,0,0,0,0,0,0,0,0,0,0,0,0,0
"C19:2","Alkadiene",19,1863,0,0,0,0,0,0,0,0,0,0,0,0,0,0,0,0,0,0,0,0,0,0,0,0,0,0,0,0,0,0,0,0,0,0,0,0,0,0,0,0,0,0,0,0,0,0,0,0,0,0,0,0,0,0,0,0,0,0,0,0,0.021610519959462,0.0751934021328479,0,0.014401291187976,0.0338077774344037,0.0119762033961715,0,0.0112286768867064,0,0.0267592065097833,0,0,0,0.0231673995144136,0.0237473402401339,0.0358140278646149,0.0582184726618082,0.0251717728041304,0.0240327259294315,0.0169480620868149,0,0,0,0,0,0,0,0,0,0,0,0,0,0,0,0,0,0,0,0,0,0,0,0,0,0,0,0,0,0,0,0,0,0,0,0,0,0,0,0
"9-C19:1","Alkene",19,1875,0.702819050305824,0.0437449560348605,0.0576160437379422,0.35375015919446,0.291931378535718,0.350042615657022,0.189549734132249,0.0645102391883746,0.517365529729821,0.239937205105643,0.377924027192358,0.24212540160277,0.458362772753824,0.242543561077549,0.0083721731207525,0.288226629763426,0,0,0.0100208007973233,0,0.153965653601545,0.0554233573749554,0.0869123479789367,0.100052601930214,0.161094780718467,0.0692384477533453,0.254851450220125,0.129835395619655,0.721625428331708,0.0686895367543597,0.301296210502967,0.47833717041529,0.0727525927116787,0.0641003464283229,0.213184720333659,0.10515418822237,0.345747741379587,0.172891816785997,0.10649869200938,0.263376287564292,0.111666406133979,0.519883940568386,0.042241512444303,0.19114477903145,0.462311532127764,0.161717669613991,0.345199877959665,0.127021512733179,0.208554332397443,0.126034789529144,0,0,0,0,0,0,0,0,0,0,0.178188618718882,0.569992247170922,0.213863298786502,0.263480947090677,0.158667439393489,0.151756230398219,0.175774451276183,0.279859878407353,0.172797965633284,0.264041035005829,0.0512115918620761,0.207669606732727,0.127307703221665,1.18688081100233,0.152535691295058,0.755306618637338,0.500717610001298,0.246867850159607,0.168469970547293,0.253307028988444,0.0749953218585844,0,0.0465909736472933,0.0620073607952105,0.0820932252189783,0.041147415797288,0.0217207545229532,0.14814936962899,0.0250155474509459,0.0321453863743246,0,0,0,0,0,0,0,0,0,0,0,0,0,0,0,0,0,0,0,0,0,0.0963317001275857,0.128872072875926,0.148686789904683,0.387159566531781,0,0,0.691380058360562,0.189409426272099,0
"C19","Alkane",19,1900,0.187658245467442,0.168442815981555,0.503713730194499,0.656529301787325,0.230487034484337,0.112815667602599,0.0964851894878181,0.0657674940370164,0.194318685017258,0.0647023733498789,0.465432541404653,0.799145869251601,4.72273358574897,0.466773758303014,0.43358391062914,0.679207120138349,0.475210058900865,0.365850780001355,0.271016646945683,0.544952687281622,0.0481525828127583,0.02263695200532,0,0.159435054420922,0.286484873030679,0.0207884817909255,0,0.0514084205164671,0.0634077758646956,0.0231150137574298,0,0.0160530377270953,0,0.00907356660586598,0.0187273788170904,0,0.0586952108205031,0.0468726806656529,0.0320199725810109,0.16662492704062,0.0497488836614687,0.0682582277557278,0.0421031986656519,0.0592674573288674,0.0713951317682602,0.154387383515024,0.363665869073973,0.173131721400903,0.172424504365732,0.212915507811283,0.673290202060432,0.0975063106309931,0.0689487621966817,0.0658038743268071,0.0671708378075179,0.0731673368424267,0.054355587206016,0.0824297687410047,0.0293200628535352,0.0465871404165393,0.582994236755493,1.85212504304402,0.609053762373241,3.20741284284281,1.64008088573954,0.234422634661632,0.311548199370933,0.583388723514005,0.242620040754059,0.162296012417994,0.137975484679756,0.387894391765683,0.219545865400228,0.422731654607235,0.45300082930808,0.487419983273001,0.45546706071367,0.436572494040078,0.465495836768383,0.355304823966999,0.171125032895122,0.0551458021515993,0.121944388088078,0.151655759019688,0.0949082615869332,0.0978871689396077,0.0747227197569022,0.0845970601891528,0.311143489973866,0.142208223280589,0.301166665919053,0.422741228533049,0.651109497726731,0.316088584848408,0.643117061177444,0.424821530184471,0.948007906396388,0.664891901585131,1.51815561355494,4.1030689350417,0,0,0,0,0,0,0,0,0,0,0,0,0,0,0,0,0,0,0,0
"C20","Alkane",20,2000,0.0361549028919638,0.0225613395901267,0.0389837559770111,0.0446278582565057,0.0414270206862248,0.0298491337597227,0.0100930122203651,0.0136211507193921,0.022277936848459,0.0124800372156477,0.099332580414706,0.195082119376885,0.223927508626304,0.0985706528519915,0.0905371175835204,0.21587643515053,0.140926893393812,0.109965135062853,0.0803898475227101,0.147352817942436,0,0,0,0,0,0,0,0,0,0,0,0,0,0,0,0,0,0,0,0,0,0,0,0,0,0,0,0,0,0,0,0,0,0,0,0,0,0,0,0,0.0329044874024215,0.0587233131823596,0.0395897428536331,0.111242642847373,0.0909734073389699,0.0165692948873416,0,0.0202511852265756,0,0,0.0276903421459593,0.0452526224626969,0.0221040477737824,0.0130174260801837,0.0398320544567313,0.0255997837725741,0.0369504040779209,0.0230058980749803,0.121910692087277,0.0293930682141517,0,0,0,0,0,0,0,0,0,0,0.0961973032543142,0.124048269970844,0.21494064090807,0.0628596718858002,0.0734770367196996,0.0788495577846616,0.196712833171278,0.103971136546281,0.131700855684102,0.227638253762355,0,0,0,0,0,0,0,0,0,0,0,0,0,0,0,0,0,0,0,0
"C21:2","Alkadiene",21,2065,0,0,0,0,0,0,0,0,0,0,0,0,0,0,0,0,0,0,0,0,0,0,0,0,0,0,0,0,0,0,0,0,0,0,0,0,0,0,0,0,0,0,0,0,0,0,0,0,0,0,0,0,0,0,0,0,0,0,0,0,0,0,0,0,0,0,0,0,0,0,0,0,0,0.0426923061891335,0.0225399647023013,0,0.0435942313966514,0.0232139766940213,0.0452511681654414,0.0238330330331855,0,0,0,0,0,0,0,0,0,0,0,0,0,0,0,0,0,0,0,0,0,0,0,0,0,0,0,0,0,0,0,0,0,0,0,0,0,0,0,0
"9-C21:1","Alkene",21,2073,0.0755547541059521,0.0298994081835134,0.0326946650885131,0.0851517936682676,0.0504769593367567,0.086295982119705,0.0199242753240701,0.0404927097718176,0.025689285226086,0.0117791847032247,0.121925456364044,0.0941566756834448,0.0626344153038295,0.0818665357891483,0.128645006319158,0.0825517543987935,0.142762211242195,0.0691972143368014,0.0593292856815659,0.065173231444515,0,0,0,0,0,0,0,0,0,0,0.176083687328875,0.14137270712017,0.152635461030163,0.0992498114733698,0.21111443306212,0,0.159236881281472,0.118529065655402,0.0226968648471839,0.0926087222591436,0,0,0,0,0,0,0,0,0,0,0.0382844384073932,0.0653490811281586,0.058231107900578,0.0243593686185716,0.0892944522436735,0.0145969060632218,0.0839821569125476,0.041915417961604,0.01123482575559,0.103522364604366,0.155129519426682,0.383562338125342,0.131440515717863,0.0583703280759965,0.0842872643823427,0.0499199730026911,0.078106450875438,0.0553365069638767,0.0997897290409684,0.0529161291929431,0.0766480651524052,0.0898422306861747,0.132522526793582,0.195191337876968,0.32658017287586,0.228915484016935,0.301072272559746,0.338253025179281,0.135727403157001,0.167155133486077,0,0,0,0,0,0,0,0,0,0,0.0771592114092598,0.0505413663895322,0.0270020650548786,0.0476327721161601,0.0168914279236494,0.110897424868794,0.0151942818635995,0.0278549970777091,0.0283709574422697,0.021807159092281,0,0,0,0,0,0,0,0,0,0,0,0,0,0,0,0,0,0,0,0
"C21","Alkane",21,2100,1.22272600931005,1.57043225253149,1.27627977072138,2.05621433377035,1.32412934373393,1.29847216290438,0.570845217968063,0.613489818270989,0.995163202759892,0.255081924393923,4.54970671580377,15.4535769859267,2.40003178762883,7.94429345706548,4.5739435773609,13.5149140774328,8.89058482646838,7.84533834295442,4.64650262038088,9.29112888664002,0.506122758025098,0.239648202158381,0.226529791706009,1.64558381514964,2.30767299227192,0.163222270207053,0.238950819326414,0.285183995801512,0.394764936332696,0.248004488315932,1.13276585979861,0.485780151273858,0.377135543144863,0.708020907060481,0.481038515565102,6.33781225579866,0.895693917757673,0.807499688096179,0.570904934031618,0.527929964558568,0.493213618462031,0.776810148846871,0.585100304996564,0.727220035485246,0.738267618590286,4.26841109104425,2.52986313676646,1.15713926846086,1.08903422854534,1.89155182297227,0.443678633609212,0.877773262889519,1.96945670844089,0.565998464921979,0.823786328686621,1.504402483864,0.781756663781643,1.04315632558989,0.731097265509145,0.727669649133169,1.29211384636922,1.68360702757892,4.39708652768808,3.57422634979896,3.01508820009641,0.560608333773046,2.78148522656791,1.2577936294695,2.30053313440346,0.504068429681165,1.13200267734984,1.19003380990683,1.14839773699695,0.686102973017126,1.57160875395359,1.83794489011475,1.55646533361685,1.5200562373338,9.71501514222043,1.33481738867205,2.26307414475641,0.417483622268952,1.72441980230727,2.30082345148476,0.80994511033885,1.32291101640703,0.596621554908437,0.601479841955295,1.21480876277194,0.809164583589056,7.07395996149744,10.7972744422438,12.887738794715,4.47461109911336,4.34614222504088,6.87579661887283,11.6162692325629,7.20918784580545,6.38908692281844,4.98988740046257,0,0,0,0,0,0,0,0,0,0,0.132326605624677,0.623594068298312,0.371852284002251,0.197121384479176,0.706029622105363,0.313871623703313,0.270734877291179,1.13243205755866,0.614888546398249,0.254405827537743
"C22:1","Alkene",22,2173,0.0390168311045802,0,0.034007935087439,0,0.0134801448643562,0.034177474181655,0,0.0121677786616241,0,0,0.0613603947836671,0.0160444325340071,0.0921951389670289,0,0.0340363081177276,0,0.03816321882672,0.0411041321711398,0.0268244458995315,0.0388901738210827,0,0,0,0,0,0,0,0,0,0,0,0,0,0,0,0,0,0,0,0,0,0,0,0,0,0,0,0,0,0,0,0,0,0,0,0,0,0,0,0,0,0,0,0,0,0,0,0,0,0,0.0159012736967615,0.0129187495472527,0.023077752142351,0.0383639573977262,0.0407002981293482,0,0.032998860707869,0.0546501399231638,0.0324563574310563,0.0165935480295263,0,0,0,0,0,0,0,0,0,0,0,0,0,0,0,0,0,0,0,0,0,0,0,0,0,0,0,0,0,0,0,0,0,0,0,0,0,0,0,0
"C22","Alkane",22,2200,0.394191844936108,0.230618106162102,0.304876943218809,0.324343579078746,0.339576536446859,0.334516262852736,0.155207493924773,0.194212059469112,0.283255132407829,0.136991421983756,0.346624566645725,0.565503069575747,0.246584973232418,0.362359765221278,0.124639576557343,0.52663939756784,0.464343737559524,0.468117050528373,0.305862339564544,0.485277725525387,0.044558202450311,0.0404557159205571,0.0339829423801074,0.19373634264092,0.262861005786703,0.027291721300471,0.0981260772492686,0.0622944742397837,0.067603404855835,0.0319743696961203,0.424708881916535,0.219708385456964,0.233274765858362,0.230057598154454,0.170914363748983,0.0643127499189919,0.20705035600385,0.361033525111594,0.19998954330841,0.242622077906774,0.110387086297552,0.171384540157104,0.115307273725914,0.200928733000606,0.161500975058384,0.243659172161773,0.198425746962324,0.0937563165527332,0.0857787617745342,0.130707575624525,0.354475989718845,0.246105901053976,0.359920155769154,0.27754428453139,0.464661930334232,0.275914550186632,0.190140135928636,0.173719487034701,0.23700193721167,0.331094601857819,0.157162942174722,0.150578166353158,0.426569906377378,0.254785730144023,0.148134619867928,0.129568686336818,0.237705913089256,0.153616605954147,0.346937567156326,0.204720071147764,0.292346691292142,0.252186773572964,0.277543041462733,0.229942661229598,0.268200656053288,0.138886000619532,0.272935904049225,0.107781854613342,0.343861045708003,0.139184137292395,0.392287393914127,0.118663526787887,0.336301050395307,0.395902702186896,0.209546976537097,0.183807509797849,0.129869143471151,0.175765706772281,0.102853255109173,0.128897750764818,0.336163330592045,0.343877293427806,0.467866634304745,0.276335004174726,0.0415249548631694,0.252644039602619,0.435250405656098,0.298059312415006,0.276404236554935,0.317184281603257,0,0,0,0,0,0,0,0,0,0,0,0.22253910171261,0.23373551045024,0.190161021158721,0.322095126575419,0.236705873470825,0.226260969296574,0.345392739780335,0.341476450375131,0.192833391714613
"C23:2","Alkadiene",23,2264,0,0.0189817685468302,0.187797574336781,0,0.412993713716781,0.420828163818501,0,0.244875123725091,0,0,0,0,0,0,0,0,0,0,15.5116834231832,0,0,0,0,0,0,0,0,0,0,0,0,0,0,0,0,0,0,0,0,0,0,0,0,0,0,0,0,0,0,0,0,0,0,0,0,0,0,0,0,0,0.0536496995865457,0.512908727766613,0,0.284374894138163,0.226701172486532,0.15322193671869,0,0,0,0,0.421306635236884,0.570286191450336,0.571506676243259,21.3371001657378,0.339102248377355,0,8.74086429522016,0.6009957686024,0,0,0,0,0,0,0,0,0,0,0,0,0,0,0,0,0,0,0,0,0,0,0,0,0,0,0,0,0,0,0,0,0,0,0,0,0,0,0,0,0,0
"9-; 7-C23:1","Alkene",23,2271,3.24980325007257,0.922746566791702,2.98348655984921,1.76208952693148,2.15332655890261,2.85238196010383,1.09571120345486,1.32478602408273,1.64863405106872,0.905673431034717,3.22416408028863,3.03476089170326,2.8740525731871,2.4050175647332,2.9742544981691,2.95137839770327,3.87259817190491,3.9956658522664,2.37322179060617,3.5375161632784,0.74913756626424,0.229927893117537,0.347657792183435,1.03897382268657,1.58461224609973,0.067154604874216,0.512656967890682,0.323659587678924,1.07371234689528,0.0671673751128802,5.54037695732573,2.30109444809856,2.3127686678743,2.31167967674841,1.3526321015385,1.01651749524234,1.80168675301989,1.55826459020455,0.921595723790796,2.00349796214101,0.299030078536822,0.907314251348042,0.305946519193939,0.8296910362977,0.748233762461723,2.50625902817186,1.24329354322414,0,0.0753972917099134,1.10552654108751,3.47036226025624,1.93927086051568,2.92144003199487,2.32355129611903,4.32613061338436,3.32234734305507,3.72100397864442,1.8384839724136,3.24731857810492,4.17219302336994,0.416926551149643,1.03854246305114,2.26118103532175,0.783176353609466,0.614205981904226,0.561341016169722,1.30336319221377,0.885594833599494,1.39225004351882,0.844267579593765,1.76689534079537,2.05411024869321,3.4721099718115,3.76529662791078,2.81529946744969,3.62406794412922,1.90859771951438,1.68947556535942,2.40962133247285,2.06881050753836,1.35149835616207,0.795825812236771,1.1164063424659,1.5154918659137,1.03370455270282,1.48073033959031,0.74243529607247,1.44819013622205,1.06718715524966,1.25522274129703,2.12254962782024,1.43274146460351,1.51358405036647,1.51245536706763,1.57788390448607,1.74767481818124,13.1790969839523,18.7069674307109,16.8574318194721,3.28678971307719,0.0578695375384826,0.0788781277938045,0.0441824419492476,1.67915152884226,0.102198724954983,1.11816082968718,0.0663792920606321,0.153715358443136,0.317707694258866,1.93126391297496,0.575229583266021,2.18652461776569,2.04988778257011,2.716824969182,2.26880793729754,4.08623894774394,2.69103219156688,2.96825988602055,1.86577551034257,1.89407049736868
"C23","Alkane",23,2300,13.7815456974573,6.7707044738171,14.1897445788267,4.7130683329489,8.34158642226545,10.0215281902345,2.21606697900522,5.10067694340781,4.51446813763604,1.80767140374675,18.1633855404779,14.7693477109148,13.0613542294823,12.8804660338725,15.3133145432598,13.1823078994909,14.0542439564973,19.714785260157,11.9714250129695,15.5708618110185,1.54315739577801,2.12139943121215,1.7223875720319,11.634360645522,13.7393497811969,0.814989081704522,1.30026759526544,1.07797459808422,1.23730647993686,1.05389406793858,28.4508622802975,16.6864619914349,20.9355127851016,14.2150204287196,11.1137569384282,14.1470437535771,9.2864602607321,8.32000119733573,6.93129979466717,23.4166840557178,1.80616543884812,2.84263826258665,2.04984954834691,2.34065389306082,2.61691527731793,16.8408225205016,6.12856871243069,3.16079644426038,2.83111219157494,4.59997967995167,22.4358249626691,12.2591354935704,18.1748541734239,17.5033758136903,27.1004114522032,21.2700724895028,19.3182719449203,9.63290654732913,23.7003946793987,19.1167232344642,2.16465581701443,1.98710419043115,12.9847206707278,4.19736595991329,2.35490486221294,2.25044092933359,11.178143120822,3.34143704955743,11.0959279520679,1.80741590052839,9.59282715827836,9.1376094253386,12.3798207061627,10.5852941560564,13.6506075075021,7.55806859008649,5.38418200702422,4.71157659156392,8.7081281492061,5.41461915513223,11.5184906406197,1.51485110783425,9.58169535648227,12.09416545235,2.28938757144607,9.1482913988762,2.36069498593899,3.32463793795695,2.70526054744199,2.96605450148462,19.9452239128668,0.788223283635566,10.9133409513029,17.9286509501429,15.6380313688229,14.2420978281649,11.7510899011135,10.0216457212127,10.7715564968357,11.674442190966,1.88405975216016,1.83131491780878,0.818998908063704,24.7207875837053,1.97136248050293,13.5321823488156,2.64108724243887,1.58462626627693,3.88188997539782,24.5364503078674,5.15560622166843,19.7767411392684,26.2901768532998,30.6359650910609,19.0666574843964,24.9011187309453,24.470251471798,23.2653551261214,24.0626917488674,25.0901312368489
"11-MeC23","Methyl",23,2334,0.0204501823098432,0.162931265984772,0.0134926254887143,0.0327159396160052,0.0207365757910509,0.0523142912103622,0.0412933945327546,0.0224434847260677,0.0306293019960642,0.0236393305978654,0.0824936156864637,0.069246292206897,0.0218517265751694,0.0222037916931179,0.0155157519183432,0.0521578095380496,0.0402588118544145,0.0240047755438695,0.0807021899986007,0.0305033620108057,0.0175777118089684,0.0197756044821761,0,0.16946474948109,0.0959858110594075,0,0,0,0,0.0132816110838298,0,0,0,0,0,0,0,0,0,0,0,0,0,0,0,0,0,0,0,0,0,0,0,0,0,0,0,0,0,0,0,0.0113415971941977,0.197308413582139,0,0.0200056145329405,0.0184351642636173,0.155721912253396,0.0466276864201331,0.162092900983,0,0,0,0,0,0,0,0,0,0,0,0,0,0,0,0,0,0,0,0,0,0,0,0,0,0,0,0,0,0,0,0,0,0,0,0,0,0,0,0,0,0,0,0,0,0,0,0,0,0,0
"9-C24:1","Alkene",24,2371,0.179024743696805,0.0460849706964305,0.126402277344937,0.0958734843204432,0.151418863474722,0.236440561177751,0.0648981735626866,0.0412655524056508,0.09412527194975,0.0373813802546323,0,0,0,0,0,0,0,0,0,0,0,0,0,0,0,0,0,0,0,0,0.254337711128937,0.264485534797541,0.186435316223722,0.167094757565123,0.0841777262423151,0,0,0.148455448759255,0.336191454402429,0.169275879939228,0,0,0,0,0,0,0,0,0,0,0.275345407117854,0.10450098142747,0.15035909021202,6.09762530482387,0.231298043033755,0.190236593290293,0.131759175420076,0.0640391589011851,0.158069871755379,0.123089611615347,0,0,0,0,0,0,0,0,0,0,0.0709404063012792,0.0785996972735777,0.160203573162897,0.165151485822791,0.0949980807678647,0.0970934062231525,0.0635583853547966,0.0333046220011237,0.245453046890714,0.0703980150157399,0,0,0,0,0,0,0,0,0,0,0.0839918775088359,0.0732682524765022,0.161710882939736,0.108886678464852,0.203067651483449,0.604787181555168,0.176360155207747,0.169466624275581,0.251517047166239,0.64852987133623,0,0,0,0,0,0,0,0,0,0,0,0.132518538381267,0.16308420009914,0.0698073603831572,0.0640715867638367,0.203587792709132,0.117724315760704,0.114407783748156,0.0743306603371914,0.0885477144766107
"C24","Alkane",24,2400,0.591263318228784,0.358125566977648,0.566509775131985,0.411643579062924,0.535249219394046,0.593145697860495,0.302648929618765,0.475285955227559,0.426932387651952,0.259364164156087,0.612426671220565,0.385521332427075,0.505258317120846,0.428393979413485,0.51085647318765,0.387442556395896,0.509299778268648,0.53884772160225,0.43298307446584,0.539827547607671,0.0515496882397575,0.0752580257220537,0.0347059556903497,0.108003339643135,0.123132248981251,0.0446652238809901,0.0803052471170875,0.0459726380723674,0.0664225021464658,0.0603035456647695,1.00000402084775,0.747170289376542,0.878734564248179,0.659958279330652,0.63521848735728,0.178721114332642,0.584479565592382,0.53089387187857,0.488153748221828,0.892047343589093,0.197033967280779,0.250398430203274,0.2228015491161,0.283676840680113,0.251239263105646,0.55582291499045,0.22176650075031,0.0860535394481572,0.11315940232141,0.177880845328465,0.93413435664668,0.629684613330708,0.788071085179252,1.1160000882747,1.02297661392737,0.778563012035117,0.655218261387536,0.492639367911489,0.704059187147771,0.579498104380921,0.336261835032511,0.18626281571103,0.3444952343804,0.29681503352937,0.253184229204695,0.243263896599605,0.148713063574151,0.247013073961532,0.359802358512446,0.278292018139112,0.695483488665483,0.553551001033571,0.564495065587296,0.617635468538097,0.590654097488613,0,0.2967993157692,0.395340878579202,0.378505309523478,1.32400479024057,0.411747021734673,0.0829647129868729,0.393786528593397,0.449503067776312,0.304630213427627,0.432302532159746,0.241109048603344,0.294480011490853,0.0921298108049598,0.13438167965621,0.492052865609349,0.384252059449785,0.387547010031427,0.464840653524224,0.572238088748053,0.481149380617387,0.406331990849357,0.16026218311239,0.42754268255596,0.527138785933404,0,0,0,0,0,0,0,0,0,0,0.239237960331693,0.687600245491946,0.845761763607688,0.941400427567502,0.534354196886991,0.561351229657726,0.697215875340277,0.587170239438054,0.795915740067534,0.620419833260732
"C25:2_1","Alkadiene",25,2455,0.0117723237678822,0.2334806563478,0,0.0345955606928553,0.0167525681047694,0,0.0203116497121007,0,0.0219674031472699,0.0118622943367633,0,0,0,0,0,0,0,0,0,0,0.0176957483910265,0.0116067559627695,0.0347598990309619,0.338759835104315,0.307992278752436,0,0,0.0189707510929622,0,0,0,0,0,0,0,0,0,0,0,0,0.0345080165679231,0.00677978453837083,0.0358224283081486,0.0266756793165201,0.0190263687492633,0,0,0,0,0,0,0,0,0,0,0,0,0,0,0,0,0.022427374615076,0.712465266401077,0,0.0334597108896919,0.0136344883206577,0.421601172270052,0.016706186475347,0.4851757744199,0,0,0,0,0,0,0,0,0,0,0,0.197585105339499,0,0.27383738483383,0.304977715910537,0.0203886402654129,0.0148361479637251,0.0156848191236293,0,0,0,0.286821686580069,0.342601617813983,0,0.197003412837165,0,0.294247045042836,0.43425569647146,0.443151443810578,0.484117001039613,0,0,0,0,0,0,0,0,0,0,0,0,0,0,0,0,0,0,0,0,0
"4-MeC24","Methyl",24,2460,0.0164432058369324,0.0164131925299804,0.027576858986868,0.0141886628573856,0.0129803114818736,0.0164481631372241,0.0374990924161655,0.00958674232376206,0.0229953220620903,0.00673922448102551,0,0,0,0,0,0,0,0,0,0,0,0,0,0,0,0,0,0,0,0,0,0,0,0,0,0,0,0,0,0,0,0,0,0,0,0,0,0,0,0,0,0,0,0,0,0,0,0,0,0,0,0,0,0,0,0,0,0,0,0,0.030062426615739,0.0166042094449673,0,0.0148913595475341,0.012911899191242,0.174435592317852,0.0104293226958382,0,0,0.179480973874564,0,0,0,0,0,0,0,0,0,0,0,0,0,0,0,0,0,0,0,0,0,0,0,0,0,0,0,0,0,0,0,0,0,0,0,0,0,0,0,0
"C25:2_2","Alkadiene",25,2465,0.18294367869936,0,0.195959673350479,0.0810208886445082,0.139644085569147,0.196209065405557,0.0368798042748259,0.149646213085777,0.0446405286430522,0.0232724512211129,0,0.282949371884386,0,0.271542847234149,0.277116256814176,0.288814379644204,0.334208443605458,0,0,0,0,0,0,0,0,0,0,0,0,0,0,0,0,0,0,0,0,0,0,0,0,0,0,0,0,0.506031836965337,0.11539598557218,0,0.0595023209209003,0.0975821535728869,1.09287576460866,0.390194086948226,0.5751039538355,3.20812878849923,0.419877293259887,0.553769165736417,0.414408673391833,0.16273486762874,0.485534543052468,0.485871280961215,0.0485379054119833,0.116147463500893,0,0.0441564644029668,0.0895540705762677,0.053389226819134,0,0.0416518595352866,0,0.0373745146947668,0.24422849508364,0.241098789018466,0.271366971535811,0.291623452165359,0.24996799652755,0.469628025252615,0,0.158540769602844,0.252919263718856,0.215528552508362,0,0,0,0,0,0,0,0,0,0,0,0,0,0,0,0,0,0,0,0,0,0,0,0,0,0,0,0,0,0,0.0548242301554061,0.357521051284728,0.406439289147948,0.203605123253775,0.163735723117273,0.357888019392014,0.322410999814291,0.306417961306191,0.430779310424207,0.199204903399856
"9-; 7-C25:1","Alkene",25,2471,2.9081871929189,0.929560976776641,3.57218936755474,0.947221442787253,2.39633663492627,3.14312726546365,0.473641246554443,1.95450033392292,0.711944645731788,0.309857903219654,3.92308202789095,3.00685221597501,7.43414796454485,2.7512226550223,2.32408410245711,3.04938181834431,4.71960906063533,4.68500458419944,2.91876700385292,4.63168432666983,0.332173182701906,0.25950237005897,0.345097617626417,1.14142497775775,2.07323548604481,0.183944572847767,0.36195391880127,0.253352170300551,0.277621098862106,0.259723288337851,8.74426683308122,3.37784663066253,4.07905378504097,6.29011654886525,2.71656338198717,1.07690465034308,2.45208510010823,3.88499132029048,3.58252387692278,3.87301459015872,0.344427484559476,0.575448669229561,0.393206793800978,0.448174961875369,0.593635913420835,4.50592948462414,1.44430691428917,0.644403632557349,0.7492155757301,1.20757631658753,6.02870708705903,2.87133104649199,5.1756552354992,5.01258598783927,5.97480227645122,5.58042101640566,5.38489244901206,2.14806726922698,5.89476691500206,5.67716399411631,0.460184080627018,0.739142941254772,1.21299188869784,0.59342579095088,1.41673955619585,0.527143094654842,0.685885085981885,0.404304944725507,0.802732369346304,0.380219383908757,2.38041285776529,2.40231838347426,2.88041324111203,2.77857138946329,2.45438900636466,2.75089932025983,1.64509386171919,1.3771439587677,2.69306032746407,2.06395100994176,0.529374637723936,0.300794318378941,0.730180423828873,0.739097765358574,0.479578706628591,2.26353652271524,0.114583790601453,0.569828327533159,0.129084861074923,0.129996714468114,2.37778794648842,1.69194884879331,2.53528502863263,1.97864034034861,2.64321448309513,1.9538356285865,3.47210265955613,2.87593436640365,3.84451190794059,8.64851648533093,0.183062679934595,0.346657025879648,0.199508374858479,4.8854636435624,0.378366855325348,0.860453056025498,0.226462376708317,0.231833653870228,0.401246127030218,4.97938003436272,1.08728256506508,4.2446241394823,4.64142332893247,4.68213919729142,2.69699523789182,5.58787403292782,4.20499475654506,3.79798312125974,2.93858860857502,2.92228220660677
"C25","Alkane",25,2500,12.7996671197422,6.51950535442872,11.4939226685946,0.0357998346333588,14.476677947313,13.4922683348816,6.24580904145329,14.6325982395158,6.75172115981583,7.13843712249947,17.6927169033496,10.2176922321959,16.0734370975683,12.6073450754015,14.7959069577387,10.2919120284608,11.9352734477426,14.3528949354799,13.1896673874952,13.6713014917431,2.16903006563919,3.25551640441429,1.96962579445588,3.97697296970523,4.34072716183621,2.08818864332653,2.74372303884653,1.96954114522983,2.6376124698259,2.67666646896907,26.7610091365375,18.0614151586654,20.4755098482303,18.7430290698591,13.1670267602185,20.5807629402447,16.0894723044572,22.1523173977061,19.0985217980198,23.8744622033145,2.92033108577469,5.27459937491716,2.78209762131824,5.01250223081869,4.99449424260267,18.3085870382752,7.29179287990421,4.17546337970386,4.50418239009839,6.08146127507233,19.2432088300513,15.6482320913053,16.9404782438937,18.572431046448,21.3118926424974,22.2890326881498,25.5771690841335,21.647688221193,18.3559716766888,17.1232573647907,3.6318158013287,3.76800691839287,5.34591251588798,6.33766373473057,0.0162370753515947,4.65247776342865,4.98066641214686,4.19457870789699,4.93414104541684,3.73751430449932,21.2138521446186,17.5844341474583,12.8143439165062,13.8649672085746,15.8935661507179,16.3114426667962,9.85604485292894,15.3530691443661,11.1192484991434,8.99519440510812,5.30155274653194,3.1760712993972,4.78530235315751,4.92310858148922,4.25037772132771,18.9391704591804,3.66805767203391,6.9677264291955,2.79635489698729,4.85892081381042,16.3038414933992,13.7315664354193,10.233764828785,15.9626193128432,17.7571206039899,17.351910362496,11.8834854666906,16.2973479404947,15.9059222560069,15.3716014259922,2.29603042784565,2.47848785279374,2.06904783361082,24.7069370459637,1.9860717232975,5.47915904380496,2.85297152726746,2.06057770538161,3.18127587735661,31.7650791648439,7.01115400738462,18.1036463051034,36.1108854547628,38.1777382263571,18.5345058726914,17.9445498463469,23.7514862948652,24.0331735719184,25.0274743288052,25.6694358360906
"13-; 11-MeC25","Methyl",25,2533,0.129567432450378,1.17562245106991,0.0729051718774509,0.15434874903863,0.111962554660363,0.143404276038054,0.22331215164049,0.125135759758612,0.211201435999233,0.206400703181073,0.187286364380892,0,0.199672944157258,0.144030652075738,0.177380931311842,0.197777768975663,0.328585839718093,0.195286661218119,0.159292617023322,0.334992481532674,0.134929983080272,0.156346880377936,0.233231162012616,1.55940336781684,0.958772127678578,0,0,0,0,0,0.0829926087003737,0,0,0.0688093855232541,0.0607069666866436,0,0.0788520928030601,0.0934022857693032,0.0801851418930044,0,0.216749969377711,0.10298073804795,0.250606375539617,0.11717492613087,0.139268443077262,0.0825197039545302,0.10690002806967,0.189938487426113,0.106286778682004,0.108509208083561,0,0,0,0,0,0,0,0,0,0,0.115204946218256,0.0405990337359922,1.06846751791373,0.0502677420713529,0.11767814188069,0.131741396483734,0.83462412448429,0.118217299461621,0.944361088657258,0.127739141754287,0,0.0875190018572237,0.0764517632522073,0.0687195115850307,0.0767184664778798,0.0837725182549551,0.102842201614713,0.0521876652314293,0,0.1105478506884,0.927645326294135,0.254180782422437,0.799932748193396,0.884973156307734,0.103170484684201,0.168822634562142,0.140520639408083,0.120488401129451,0.0729386173245664,0.105276656300459,0,0,0,0,0,0,0,0,0,0,0,0,0.064518382585329,0,0,1.01404968081332,0.0874177931014466,0.0419957071087417,0.344359742349974,0.195160880784592,0,0,0,0,0,0,0,0,0,0
"5-MeC25","Methyl",25,2547,0,0,0,0,0,0,0,0,0,0,0,0,0,0,0,0,0,0,0,0,0,0,0,0,0,0,0,0,0,0,0,0,0,0,0,0,0,0,0,0,0,0,0,0,0,0,0,0,0,0,0,0,0,0,0,0,0,0,0,0,0,0,0.0994437294710353,0,0.00596950871374021,0.0120330463159778,0.0910362633323064,0.0119330440749898,0.0876531775907275,0,0,0,0,0,0,0,0,0,0,0,0.0810152067239331,0,0.0681002864576997,0.0675036877960858,0,0.0331518160589785,0,0,0.0187819824040141,0.061112119106536,0,0,0,0,0,0,0,0,0,0,0,0,0,0,0,0,0,0,0,0,0,0,0,0,0,0,0,0,0,0
"4-MeC25","Methyl",25,2561,0,0,0,0,0,0,0,0,0,0,0,0,0,0,0,0,0,0,0,0,0,0,0,0,0,0,0,0,0,0,0,0,0,0,0,0,0,0,0,0,0,0,0,0,0,0,0,0,0,0,0,0,0,0,0,0,0,0,0,0,0,0,0,0,0,0,0,0,0,0,0.0214155422531378,0.0286415345255678,0,0.0324363984573711,0.0192550378684301,0.0192715743626123,0.0110392867747756,0,0.0429262297495775,0,0,0,0,0,0,0,0,0,0,0,0,0,0,0,0,0,0,0,0,0,0,0,0,0,0,0,0,0,0,0,0,0,0,0,0,0,0,0,0,0
"C26:1_1","Alkene",26,2571,0.0880420202325714,0.0914217207050051,0.13985151007908,0.0437679162362242,0.0847512308475979,0.104792713343237,0.0662089626640248,0.0864767787782216,0.0478240941243802,0.0275107136883996,0,0,0,0,0,0,0,0,0,0,0,0,0,0,0,0,0,0,0,0,0,0,0,0,0,0,0,0,0,0,0,0,0,0,0,0,0,0,0,0,0,0,0,0,0,0,0,0,0,0,0,0,0,0,0,0,0,0,0,0,0,0,0,0,0,0,0,0,0,0,0,0,0,0,0,0,0,0,0,0,0,0,0,0,0,0,0,0,0,0,0,0,0,0,0,0,0,0,0,0,0,0,0,0,0,0,0,0,0,0
"3-MeC25","Methyl",25,2571,0,0,0,0,0,0,0,0,0,0,0,0,0,0,0,0,0,0,0,0,0.0270948835636649,0.020301398766429,0,0.0855305718808385,0.0851661711354187,0.0140550158725752,0.0224071130983861,0.0186238179332892,0,0,0,0,0,0,0,0,0,0,0,0,0.0209110981940244,0.0235086923885125,0.0285791957382304,0,0.0270097151965913,0,0,0,0,0,0,0,0,0,0,0,0,0,0,0,0.0304112400801121,0,0.0698606899151301,0,0,0.0312565832420523,0.0426844095390027,0.0252997472936856,0.0561273505297611,0.0261592333904438,0,0,0,0,0,0,0,0,0,0,0.0714035517108106,0,0.0915888692497687,0.0595999005887279,0.021027968301897,0.0714388784177654,0.026964622342845,0.0348490540627193,0.0197756108490811,0.0271169179561672,0,0,0,0,0,0,0,0,0,0,0,0,0,0,0,0,0,0,0,0,0,0,0,0,0,0,0,0,0,0
"9-C26:1","Alkene",26,2574,0.132965002280346,0.20723349098078,0.0847149610061912,0.129449524488922,0.0929597829625738,0.108055870849731,0.0690154026171909,0.0370089307153638,0.0355916130864395,0.023737830092323,0,0,0,0,0,0,0,0,0,0,0,0,0,0,0,0,0,0,0,0,0.0796335228397924,0.0654388157542381,0.0717979599906744,0.100136779224302,0.0640067797698999,0,0.280573480334938,0.149250349395341,0.118966453397119,0.212390741382272,0,0,0,0,0,0,0,0,0,0,0,0,0,0,0,0,0,0,0,0,0,0,0,0,0,0,0,0,0,0,0.0703087365155066,0.107560828266538,0.0889770733755933,0.104251617207285,0.0850390184888063,0.173210432574298,0.0637179648462924,0,3.29015788331667,0.0638479840124197,0,0,0,0,0,0,0,0,0,0,0,0,0,0,0,0,0,0,0,0,0,0,0,0,0,0,0,0,0,0,0,0,0,0,0,0,0,0,0,0
"5, 15-diMeC25","Dimethyl",25,2583,0,0,0,0,0,0,0,0,0,0,0,0,0,0,0,0,0,0,0,0,0.0169616859046259,0.0215286631541334,0.0227811627148334,0.298014540780487,0.199175875826373,0,0,0.0145125474212674,0.0121460322504022,0.0263667325750577,0,0,0,0,0,0,0,0,0,0,0,0,0,0,0,0,0,0,0,0,0,0,0,0,0,0,0,0,0,0,0,0,0,0,0,0,0,0,0,0,0,0,0,0,0,0,0,0,0,0,0,0,0,0,0,0,0,0,0,0,0,0,0,0,0,0,0,0,0,0,0,0,0,0,0,0,0,0,0,0,0,0,0,0,0,0,0,0,0,0
"C26","Alkane",26,2600,0.897845672367297,0.874243568161909,0.789780979595227,0.619543139057555,0.913857803931538,0.837034549132902,0.766645613986226,1.02308604540952,0.778812572141118,0.866884733498265,1.07961286163647,0.50878361455768,0.733287770622345,0.600738294844818,0.675698331311479,0.53127250834731,0.680451194615095,0.664430777543952,0.656139327831142,0.654756723474937,0.217910262560287,0.225198390743727,0.181123802069042,0.312073995280053,0.362236434147309,0.219237918657792,0.189646329357975,0.201216366685757,0.195724372261787,0.255217047002486,0.507151299340116,0.516286369223535,0.578129278110361,0.557160905659456,0.66975263726448,0.231354404781993,0.704140159859089,1.02277037645776,0.704217635866473,0.581377175235533,0.387027675714591,0.393450179100729,0.392758485131004,0.453696167386332,0.383092844602904,0.485964218013346,0.374653866429188,0.288140413905927,0.237598987902374,0.26020530312624,0.688302280676743,0.683933392616396,0.601658696024239,0.617594224770154,0.655010325429423,0.496714453260283,0.516094441171833,0.760722015920556,0.509815209954764,0.434326510215539,0.553994581209627,0.774747045165911,0.591005921420836,0.757579486380043,0.493828160111588,0.539613615864335,0.385417622061396,0.533415674047038,0.638304377467218,0.543136003656749,1.09329519512133,0.801990951318219,0.876494217057633,0.744868862153041,1.03760254157846,0.790809579351518,0.71328843536651,0.977316179208173,0.572148925152769,4.99194920238223,0.608629175642594,0.195500912359688,0.540550307787374,0.563229261588724,0.432632120782497,0.807189993334656,0.383602039409349,0.615523638954234,0.257067270249014,0.377251008141628,0.539784072802547,0.619981661158649,0.355907394781573,0.593124616127301,0.733085547553727,0.49921722518566,0.399204525319086,0.498541873311498,0.520479773777693,0.549374869695311,0,0,0.209048022860386,0.499390011937103,0.240697992423821,0,0.224406956774518,0.253807838662439,0,0.473590903749579,0.43496581341349,0.475620168174772,0.48055626138461,0.456297228639889,0.517910811706995,0.312271021282088,0.568653621885497,0.422139229738551,0.552476770786876,0.433233579559583
"13-MeC26","Methyl",26,2630,0.0394658568594709,0.23881002015403,0.0314795969412787,0.0376150599339686,0.0349937084603187,0.0323658971438133,0.0625240653943816,0.0315552744242166,0.0438038965840231,0.0498611763186132,0,0,0,0,0,0,0,0,0,0,0.0358678940466438,0.0383503550390836,0.0513577836246971,0.295881141731334,0.205271790716288,0.0178329799684769,0.0310749135111998,0.0368811663828627,0.0307738396198111,0.0286733915037967,0,0,0,0,0,0,0,0,0,0,0.052443127078658,0.0289445932268188,0.0621767890800637,0.0327140703345663,0.0366459713918514,0.038123171031439,0.0318398803939729,0.0478913685513663,0.0316421635054432,0.030529948728663,0,0,0,0,0,0,0,0,0,0,0.0286745055111732,0.0238666198285728,0.235592169665342,0.01915189672501,0.0498956490479673,0.0309438724740608,0.150974043812763,0.0271009230197377,0.182626966696312,0.0311484963424429,0,0,0,0,0,0,0,0,0,0,0.222610205228764,0.048792345283799,0.185404562450243,0.183003108125564,0.0404441904989244,0,0.0519643630557078,0.0343506071156741,0,0,0,0,0,0,0,0,0,0,0,0,0,0,0,0,0,0,0,0,0,0,0,0,0,0,0,0,0,0,0,0
"C27:2_1","Alkadiene",27,2643,0.0397139940962991,0.176166513381225,0.0549507982552437,0.018813237125883,0.0176501933280545,0.0222747491056517,0.0196793596872459,0.0197257582915707,0,0.0196291756845141,0,0,0,0,0,0,0,0,0,0,0.0196393934510747,0.0168219744871747,0.0403780888743508,0.247346134446702,0.266648352574581,0,0,0,0,0,0,0,0,0,0,0,0,0,0,0,0.0694256283334551,0.0193442360046129,0.0352607201355923,0.0325923899110289,0.0230888384555891,0.0454751294021945,0,0,0,0,0,0,0,0,0,0,0,0,0,0,0,0.0804823296938566,0.399725840935083,0.0134692116794396,1.22167661484734,0.0165453452981479,0.214638276195384,0.0145270214093501,0.326099041117421,0.01235174390078,0.019103284027867,0.0346654645427604,0.0168700132463691,0.0405903422838634,0.0337820080789488,0.0745352872586252,0.0291256330282752,0.0202551803307162,0.035217725594128,0.0989871677033856,0,0,0,0,0,0,0,0,0,0,0,0,0,0,0,0,0,0,0,0,0,0,0,0,0,0,0,0,0,0,0,0,0,0,0,0,0,0,0,0
"C27:2_2","Alkadiene",27,2649,0.0294532016465515,0.015735643977386,0.0104588079143032,0,0.0620959993378506,0.0503583530976379,0,0.0659916418079915,0,0,0,0,0,0,0,0,0,0,0,0,0,0,0,0,0,0,0,0,0,0,0,0,0,0,0,0,0,0,0,0,0,0,0,0,0,0,0,0,0,0,0,0,0,0,0,0,0,0,0,0,0,0,0,0,0,0,0,0,0,0,0,0,0,0,0,0,0,0,0,0,0,0,0,0,0,0,0,0,0,0,0,0,0,0,0,0,0,0,0,0,0,0,0,0,0,0,0,0,0,0,0,0,0,0,0,0,0,0,0,0
"4-MeC26","Methyl",26,2660,0,0,0,0,0,0,0,0,0,0,0,0,0,0,0,0,0,0,0,0,0,0,0,0,0,0,0,0,0,0,0,0,0,0,0,0,0,0,0,0,0,0,0,0,0,0,0,0,0,0,0,0,0,0,0,0,0,0,0,0,0,0.0125395564638026,0,0.00701259018116916,0.0613030604013478,0.0161827715708371,0,0.00897847920395352,0,0.0173633436898572,0.108406265362499,0.0343266807024954,0.0278178128484426,0.0435973693889934,0.024952224404444,0.0681702026750254,0.0307993794553256,0,0,0.0722033771066925,0,0,0,0,0,0,0,0,0,0,0,0,0,0,0,0,0,0,0,0,0,0,0,0,0,0,0,0,0,0,0,0,0,0,0,0,0,0,0,0
"9-C27:1","Alkene",27,2671,2.57945258247449,0.795973000490856,2.04916465211838,0.801881729428173,2.28808747386566,2.87198693544217,0.515909143751449,2.05858790803416,0.72693249848884,0.498913421998448,2.29750859032942,2.18678152106476,2.69778539076528,2.34510855507493,2.17679789468428,2.19941014244472,3.14709944330285,3.05921094564036,2.07412767202769,2.57223518054591,0.217761299853929,0.16279003125894,0.188994217196695,0.354350098247336,0.5139079708434,0.134814882484251,0.249646323545121,0.168897985040097,0.211840369283349,0.180317750325568,2.000136360561,1.20438459092885,1.72879049413665,1.73861729369418,1.62165445212126,0.215419552558759,1.04185962924505,1.85625070444098,2.16712355882434,2.03462816307636,0.154080459301159,0.215687679980712,0.168554815922816,0.192039331196874,0.248038339266291,0.992944987941749,0.502067637604368,0.229148396708322,0.305713602054293,0.492360082520315,1.48460869168081,0.706816027516823,1.00551830682138,1.48118902098725,1.46350558361963,1.53553881884345,1.39673195978454,1.10651697655938,1.08500345824259,1.49887525613025,0.388122648050423,0.345532044480998,0.412645095606631,0.292931520071067,0.302038138109708,0.490393538654932,0.25570278995469,0.282730443447593,0.301762457343986,0.356961912402254,1.57165079168451,1.07581746123228,1.94151935676238,0.768336978383031,1.49009078349536,1.48346720228907,0,1.29527204254225,1.49740732435429,1.30619615554864,0.158336248564251,0.190801352429074,0.16091259704763,0.152160335670885,0.299949301415763,1.21236801084432,0.307989177346579,0.38205975627626,0.293875046813542,0.3468387474838,1.14388415013604,1.51616416333295,1.60848940401624,1.42358744841345,1.53265133199661,0.621157134233741,0,1.15182812195643,0,0,0.0502969237613628,0.100699754878111,0.0731372331528606,0.500827489186768,0.0861314547908143,0.248018071452675,0.0377564507989781,0.0756176791540859,0,0.83920555195317,0.461445750770755,0.703303711343273,1.17408482145233,0.930237954726383,1.1271621950099,0.55572963915525,0.513018945291068,0.483625022615859,0.554894733241279,0.443998003837587
"7-C27:1","Alkene",27,2678,2.30564169528195,0.281925145023748,1.37222727648781,0.464418596885961,2.13237199925157,1.22192040918411,0.295342356418771,0.694651545986253,0.360297361518513,0.197463140105292,1.37618186934473,1.47911160998279,1.4445860906835,1.12156642579502,1.23339286783509,1.67371967622034,2.08505228149169,2.57910252715978,1.19660421798688,1.65843244480632,0.053303840501818,0.0451835483721313,0.0395092287543052,0.0763294641879903,0.087907878417419,0.0383204291622949,0.0554644167417488,0.0402984616369286,0.0559363942630742,0.0516935131289343,0.613206920835112,0.545596809027052,0.571913746466826,0.410351877977006,0.558228759393593,0,0.245475565718603,0.400936823082059,0.358038172202561,0.396367659658363,0.0473916409217925,0.0667514775288024,0.0429438083175325,0.0615552590852052,0.0808000353644764,0.291995452678697,0.166383418786084,0.0700954429036642,0.0989939428931612,0.151179502712739,0.70489162027262,0.214992453654542,0.320194926270401,0.411668361674823,0.529722153954515,0.2843790667934,0.37468826429737,0.390287987832114,0.314712635985874,0.472345694009266,0.314269858842776,0.473575630183774,0.156489428800127,0.320928404826934,0.635666514917679,0.363870057525893,0.150596034694272,0.294427345646143,0.117733541043484,0.308521866450653,0.491738616428578,0.593038505797312,1.09492646799927,0.460968474041846,0.680177918806377,0.731228517545849,1.84689993877191,0.763607422636211,1.01528161693507,0.621583845640204,0.0560224305966185,0.0551530313540523,0.0700931104306278,0.0595567424049998,0.0844783097106245,0.285374642275214,0.0738471843251837,0.106950705431316,0.0872444885675726,0.101013761525102,0.453203752500554,0.474961044390392,0,0.525850774510412,0.142083874777926,0.196450017722775,1.52667014762791,0,1.93199479819867,3.84567630597527,0,0.0459261654779974,0.035655491090106,0.134717938299603,0.052038087475053,0,0,0.0391635513644819,0,0.239067803599335,0.130496826217266,0.208576588454788,0.348356264633336,0.327817263290715,0.260800277170462,0.195005446606856,0.138106308959247,0.133606172057576,0.170868894588545,0.133943349510253
"C27","Alkane",27,2700,18.9266936036704,21.8592958015276,16.6657201696054,13.0661029716814,21.5737583258038,17.6806415923479,17.5192754979402,24.8443818747451,18.6835641599333,23.9543279034855,23.1489257463839,11.2894003315095,18.1185849063428,14.1696344973378,15.5425713236023,10.7030650991518,13.0410768272815,13.5339773144749,15.1358505355292,12.4519491748572,8.50985732482212,8.24809074836311,7.2461780677756,14.628595770256,17.6476408690402,10.4558298738218,6.55612730427043,8.88257998043242,7.76221311090429,11.1064279830487,8.48671703448611,10.1387775451843,10.7236284852778,12.546797640542,12.2655301187413,14.9530637574747,14.8186165870914,13.5825239546178,12.8740225112604,9.39353388015484,11.4327551031212,10.5670897474083,11.9720008738603,12.5348475097217,8.13761477523451,12.6709243652675,12.5885829507424,11.7896876835632,7.90204874048896,8.01647043487856,13.4722231569084,14.3409660080414,11.8569402331719,8.84066493339166,8.67788202606636,13.5939019161189,12.509873241658,18.3281511405514,10.2507179432104,10.1980601813063,12.2874908253391,21.0660981709824,18.0533540722865,18.7463969301498,10.5415260757998,12.5996212565859,18.2813616181141,13.4550844038526,19.2888267684559,13.4396267953802,21.5027443927903,15.9592220683851,18.2796656184088,12.1491335377092,21.9945029002476,22.1547234500281,18.5415775520761,25.7347559996322,15.2907977521667,18.3199481895363,15.0413122517122,9.78494008279772,13.7151363135406,14.1091603736765,9.5617105983506,20.520869474148,10.363912018418,17.4949225615485,9.66627789183192,12.9021772425764,13.6286323504103,15.4085896516412,5.76518745990514,14.5222885353809,18.2054922679558,12.370407113846,8.56864698914812,8.79838158431871,10.4380221556842,10.1736408219621,7.77483370400839,7.75491910471497,10.7663023550276,15.6524575362567,13.4224378650388,23.2381102998085,11.1660342041989,12.9439712854416,14.0850623822132,12.5273175683066,18.4285759561515,12.5871338968146,10.400486546343,8.91546865380429,12.8277635178234,8.7728901644274,18.725808418687,10.9854970693534,18.480009527128,16.3186149884259
"13-; 11-MeC27","Methyl",27,2727,0.53425722989228,8.03045421293331,0.284030595195788,0.597294097155337,0.456449919748223,0.478692304317652,1.26447897219863,0.535239728896345,0.794459019750896,1.22641279899353,0.461336935968497,0.322553903856094,0.475926143073974,0.457117957242964,0.397118045343015,0.269252484503699,0.395072660784745,0.252006166225404,0.29031549480678,0.225870145678539,1.11361048800375,1.33312386685179,2.25557331311602,11.2567616913261,0,0.688444016861994,0.658617111935413,1.31984057185949,0.764791485806286,0.878134975306298,0.257103357854278,0.211620028305999,0.215730000920007,0.324048657427269,0.28811467592099,0.211046539562491,0.50246728039566,0.452498730888876,0.384684499842463,0.290468890121293,2.39767813405005,0.801280661843917,2.75987334556867,1.07312417483114,0.795492565376747,0.35668516890058,0.444438990254553,2.29628980795316,0.602973911376611,0.560467427113213,0.389499322575834,0.419318770332973,0.279218365047528,0.728229844719918,0.3675250736012,0.34809707868975,0.264644163247969,0.357530994616528,0.234763763798675,0.445597852008314,1.06530844865432,0.209490251737233,9.61832016785379,0.249983096291608,0.646937715766044,0.647100119255848,7.33535600873966,0.74644037338995,7.45090483612079,0.922192615336991,0.253173171762659,0.324711857202894,0.319298150258519,0.34442480899425,0.28666320834193,0.412987087273215,0.0438244614910981,0.298221259410516,0.239864426616679,0.522320414441725,9.99129716334887,1.07694788031669,9.57074770092287,10.0874712275315,0.0705866527558678,0.387111539422944,0.954691352900917,0.7545190488702,0.482874064696124,1.39200029077584,0.251510692461551,0.393676098276283,0.236380074819947,0.177280803118925,0.205229097856791,0.264544833893586,0.357611366038522,0.379962438614,0.35144558346123,0.455949038381376,0.547683987778004,0.5976459425252,0.788472083558069,0.120697852514551,0.211158847090821,10.2168773594263,0.999535362320215,0.197532148558295,4.77730633611566,0.202422371164132,0.383799865117125,0.171159513763988,0.335358834559103,0.187433116704475,0.233507105707422,0.201709827728688,0.186766408202299,0.178946306714384,0.237876243209029,0.208758649198952
"7-MeC27","Methyl",27,2738,0,0,0,0,0,0,0,0,0,0,0,0,0,0,0,0,0,0,0,0,0.0398806655103572,0.0419373480014301,0.0740443638660497,0.34751707678998,0.318570474933251,0,0,0.0515680155799759,0,0,0,0,0,0,0,0,0,0,0,0,0,0,0,0,0,0,0,0,0,0,0,0,0,0,0,0,0,0,0,0,0.0478184997326688,0,0.382280038618976,0,0.0261053306515106,0.0273341442846382,0.301118104196505,0.03492502321504,0.313149838101604,0.0450736292099663,0,0,0,0,0,0,0,0,0,0,0,0,0,0,0,0,0,0,0,0,0,0,0,0,0,0,0,0,0,0,0,0,0,0,0,0,0,0,0,0,0,0,0,0,0,0,0,0,0,0
"5-MeC27","Methyl",27,2747,0,0,0,0,0,0,0,0,0,0,0,0,0,0,0,0,0,0,0,0,0.0223458904077816,0.0226895674013011,0.0289951358681318,0.177274449958744,0.155941205648653,0,0,0.0263419731934792,0,0.0190708399675412,0,0,0,0,0,0,0,0,0,0,0,0,0,0,0,0,0,0,0,0,0,0,0,0,0,0,0,0,0,0,0,0.0143436556405693,0.153166369781244,0,0,0.0266161688995077,0.126518173710693,0.0208678108994012,0.131622426222054,0,0,0,0,0,0,0,0,0,0,0,0.162210327362254,0,0.194533272381809,0.168621578644223,0.032805100959649,0,0.0194968503731041,0,0,0.0467025559687607,0,0,0,0,0,0,0,0,0,0,0,0,0,0,0,0,0,0,0,0,0,0,0,0,0,0,0,0,0,0
"11, 15-DiMeC27","Dimethyl",27,2756,0,0,0,0,0,0,0,0,0,0,0,0,0,0,0,0,0,0,0,0,0.0478631817644844,0.0423224320689893,0.0612580212737188,0.457675183211279,0.361648756581708,0.021701608999948,0,0.0504768501503115,0.0372006898570827,0.0363834229113888,0,0,0,0,0,0,0,0,0,0,0,0,0,0,0,0,0,0,0,0,0,0,0,0,0,0,0,0,0,0,0,0,0,0,0,0.0264607100241984,0.492693389420144,0.0745212130754455,0.596864449170806,0.0227271844542006,0,0,0,0,0,0,0,0,0,0,0,0,0,0,0,0,0,0,0,0,0,0,0,0,0,0,0,0,0,0,0,0,0,0,0,0,0,0,0,0,0,0,0,0,0,0,0,0,0,0
"x, x-DiMeC27","Dimethyl",27,2758,0,0,0,0,0,0,0,0,0,0,0,0,0,0,0,0,0,0,0,0,0.0362958441317847,0.0546295277263123,0.0671402973704751,0.343025457466337,0.288299709749005,0.0184019055655526,0,0.0303234978211058,0,0.0196552210451,0,0,0,0,0,0,0,0,0,0,0,0,0,0,0,0,0,0,0,0,0,0,0,0,0,0,0,0,0,0,0,0,0,0,0,0,0,0,0,0,0,0,0,0,0,0,0,0,0,0,0,0,0,0,0,0,0,0,0,0,0,0,0,0,0,0,0,0,0,0,0,0,0,0,0,0,0,0,0,0,0,0,0,0,0,0,0,0,0,0
"y, y-diMeC27","Dimethyl",27,2762,0,0,0,0,0,0,0,0,0,0,0,0,0,0,0,0,0,0,0,0,0.0391963547235589,0.0437571007983713,0.0669928613208389,0.32334588128512,0.297995387420289,0,0,0.0432265862196574,0,0.0268471680229624,0,0,0,0,0,0,0,0,0,0,0,0,0,0,0,0,0,0,0,0,0,0,0,0,0,0,0,0,0,0,0,0,0,0,0,0,0,0,0,0,0,0,0,0,0,0,0,0,0,0,0,0,0,0,0,0,0,0,0,0,0,0,0,0,0,0,0,0,0,0,0,0,0,0,0,0,0,0,0,0,0,0,0,0,0,0,0,0,0,0
"z, z-diMeC27","Dimethyl",27,2770,0,0,0,0,0,0,0,0,0,0,0,0,0,0,0,0,0,0,0,0,0.0587508643978258,0.0590016667416761,0.0885821849747391,0.414729677345912,0.402927773554023,0.0315543238671396,0,0.0598895818004218,0.0279502675482945,0.0377370120846967,0,0,0,0,0,0,0,0,0,0,0,0,0,0,0,0,0,0,0,0,0,0,0,0,0,0,0,0,0,0,0,0,0,0,0,0,0,0,0,0,0,0,0,0,0,0,0,0,0,0,0,0,0,0,0,0,0,0,0,0,0,0,0,0,0,0,0,0,0,0,0,0,0,0,0,0,0,0,0,0,0,0,0,0,0,0,0,0,0,0
"C28:1_1","Alkene",28,2772,0.112418285950266,0.293957267798125,0.11448881788316,0.0702363558315702,0.091626805097932,0.106552621060554,0.106427441164948,0.0825847284948385,0.0703643264291835,0.100651356549342,0,0,0,0,0,0,0,0,0,0,0,0,0,0,0,0,0,0,0,0,0,0,0,0,0,0,0,0,0,0,0,0,0,0,0,0,0,0,0,0,0,0,0,0,0,0,0,0,0,0,0.111554418515216,0.075759551157151,0.38555968492759,0.0364220881757317,0,0.0971438668946176,0.289178770660306,0.086790731608179,0.317738155731151,0.10718560315724,0,0,0,0,0,0,0,0,0,0,0,0,0,0,0,0,0,0,0,0,0,0,0,0,0,0,0,0,0,0,0,0,0,0,0,0,0,0,0,0,0,0,0,0,0,0,0,0,0,0
"3-MeC27","Methyl",27,2772,0,0,0,0,0,0,0,0,0,0,0,0,0,0,0,0,0,0,0,0,0,0,0,0,0,0,0,0,0,0,0.0177727169270313,0.0390845878328707,0.0538577973198088,0.0806523041544919,0.105083504571415,0.167813028402214,0.416185812290153,0.712155154753805,0.211798502682877,1.43618411140533,0.0731917686039241,0.0258496769060903,0.0943818523487728,0.0331922691542227,0.0364591212871622,0,0,0,0,0,0,0,0,0,0,0,0,0,0,0,0,0,0,0,0,0,0,0,0,0,0,0,0,0,0,0,0,0,0,0,0,0,0,0,0,0.0274283324767818,0.0510794526115949,0.0422481865340299,0.0200980379942477,0.0725841995299253,0,0,0,0,0,0,0,0,0,0,0,0,0,0,0,0,0,0,0,0,0,0,0,0,0,0,0,0,0,0
"C28:1_3","Alkene",28,2781,0.206550197617715,0.278761608240278,0.0880669625227758,0.203249969346295,0.127839435345664,0.102696677029025,0.212885305204684,0.0882297431833694,0.144183003092418,0.108296741302772,0,0,0,0,0,0,0,0,0,0,0,0,0,0,0,0,0,0,0,0,0,0,0,0,0,0,0,0,0,0,0,0,0,0,0,0,0,0,0,0,0,0,0,0,0,0,0,0,0,0,0.196349191271222,0.132167293196947,0.235429850277457,0.193605035840285,1.20726158557762,0.18383945868546,0.194910212597492,0.173336867904201,0.194894817522606,0.171775263393763,0,0,0,0,0,0,0,0,0,0,0,0,0,0,0,0,0,0,0,0,0,0,0,0,0,0,0,0,0,0,0,0,0,0,0,0,0,0,0,0,0,0,0,0,0,0,0,0,0,0
"5, 17-diMeC27","Dimethyl",27,2780,0,0,0,0,0,0,0,0,0,0,0,0,0,0,0,0,0,0,0,0,0.0525262115406753,0.0564822165279644,0.0610412943673703,0.302496140786221,0.339813155937876,0.0450777555905854,0,0.0755299343371512,0.169250153215922,0.0793918142670017,0,0,0,0,0,0,0,0,0,0,0,0,0,0,0,0,0,0,0,0,0,0,0,0,0,0,0,0,0,0,0,0,0,0,0,0,0,0,0,0,0,0,0,0,0,0,0,0,0,0,0,0,0,0,0,0,0,0,0,0,0,0,0,0,0,0,0,0,0,0,0,0,0,0,0,0,0,0,0,0,0,0,0,0,0,0,0,0,0,0
"C28","Alkane",28,2800,0.589538006824061,0.864024925249103,0.670564925911182,0.723169259732438,0.536877640018505,0.543722211432668,0.749030386324934,0.611637015543065,0.899481533360926,0.797249339728983,0.878498146653078,1.6083497689474,0.511541418901983,1.10686427349657,0.494412815982758,1.3673163310786,0,0,0.323199762199707,0.377951281957131,0.380738263783518,0.324588205783191,0.310676907782638,0.844847851264493,0.872358959739334,0.406177785855591,0.269268953862814,0.399011734204712,0.353550895663419,0.428689831507012,0.110644991785598,0.346135542024098,0.3664965573222,0.363234254207245,0.435555842570418,0,0.470260113150393,0.522377467997233,0.502154502737748,0.462550826874709,0.520512611543793,0.488021110410585,0.636350750460977,0.568048404899064,0.38045294542591,0.752818478329329,0.614466196510379,0.509675686257499,0.35830431107834,0.41955895131232,0.956502112430404,0.71000401987813,0.698156004453499,0.534835078515574,0.358535905077326,0.29610878872842,0.459042996909074,0.642707185855882,0.470580853401662,0.528446900460117,1.04220674078541,1.58883885763514,1.00933381438246,0.72702820842913,1.33550730347767,1.21092484870488,1.05292597424942,0.993145184008253,1.303091226308,1.09338241847471,0.788570577934042,0.80049017293628,0.735792829714148,0.769879047874399,0.84225562153725,0.671528237945797,1.08157383128304,0.949502131526281,1.39941450681995,1.0459916492923,0.947369546161605,0.292362176637819,1.08539684354903,1.07794799471891,0.47758262266914,0.443653780125629,0.0480054465313943,0.649187639113286,0.328332522137449,0.444676647578351,0,0,0,0,0,0,0,0,0,0,0.27236452841153,0.279903079560233,0.356555033652229,0.315439479317569,0.438688136595439,0.892748034535517,0.394569737579939,0.485999684150292,0.608577761386511,0.164806977523916,0.568148175866456,0.331502808606463,0.140033319932014,0.161791703108088,0.342447696008083,0.709941427683852,0.34394735806975,0.225427868802934,0.283844182410583,0.376216300842324
"14-; 13-MeC28","Methyl",28,2830,0.0294812657562321,0.845066303196186,0,0.0370900013152877,0.0241535014999714,0.0196178463328913,0.122648069941379,0.050489019421642,0.0378903876031119,0.118618712252024,0,0,0,0,0,0,0,0,0,0,0.102364211898503,0.124974590848628,0.239440458260121,1.17956678299419,0.972328335596718,0.057236211077147,0.0457039178950888,0.13712948918436,0.0631702887710132,0.0802496266193536,0,0,0,0,0,0,0,0,0,0,0.245978778532041,0.0703689862941903,0.314532552151019,0.0981315901908687,0.0725799891191703,0,0.0221023158565096,0.266182942465566,0.0333749641981014,0.0381263412675683,0,0,0,0,0,0,0,0,0,0,0.127306287245289,0.00969970103830601,1.07431609295726,0.0122492061131389,0.0438625819042318,0.0591329872092882,0.934359507436844,0.072164426873012,0.943983990239511,0.0734290074495383,0,0,0,0,0,0,0,0,0,0,1.41488308396596,0.0317111134359423,1.37910989798888,1.30047633468396,0.0632958902128327,0,0.0938509506910502,0.0293980879079292,0.0317458474415458,0.0315898124247228,0,0,0,0,0,0,0,0,0,0,0,0,0,0,0,0,0,0,0,0,0,0,0,0,0,0,0,0,0,0
"C29:2_1","Alkadiene",29,2847,0.0556317208635794,0,0.0451238662584682,0.0387439676705707,0.0711361582384566,0.0835028115534355,0,0.0629705894868206,0.0247672444983471,0,0,0,0,0,0,0,0,0,0,0,0,0,0,0,0,0,0,0,0,0,0.0736521160629417,0.0436778813162965,0.0819578929600009,0.108762808877243,0.0343848543272627,0,0.0711986694594724,0.151483708832386,0.113922536222345,0.157718548413737,0,0,0,0,0,0,0,0,0,0,0,0,0,0,0,0,0,0,0,0,0.0189625007715366,0.0524759450794813,0,0.0231155543700968,0,0.0390394739848499,0.0487094314133503,0.0263210490309228,0.0377834437845901,0,0,0,0,0,0,0,0,0,0,0,0,0,0,0,0,0,0,0,0,0,0,0,0,0,0,0,0,0,0,0,0,0,0,0,0,0,0,0,0,0,0,0,0,0,0,0,0,0,0,0
"C29:2_2","Alkadiene",29,2853,0.217523732916878,0.103067940750094,0.0422190551303399,0.0700863209654109,0.232615124470315,0.283784403790027,0.0799084776933099,0.189856528004682,0.0586285088990212,0.087258998732347,0,0,0,0,0,0,0,0,0,0,0,0,0,0,0,0,0,0,0,0,0,0,0,0,0,0,0,0,0,0,0,0,0,0,0,0,0,0,0,0,0,0,0,0,0,0,0,0,0,0,0,0,0,0,0,0,0,0,0,0,0,0,0,0,0,0,0,0,0,0,0,0,0,0,0,0,0,0,0,0,0,0,0,0,0,0,0,0,0,0,0,0,0,0,0,0,0,0,0,0,0,0,0,0,0,0,0,0,0,0
"C29:2_3","Alkadiene",29,2860,0.126227497910973,0.146473040512788,0.0679661211984833,0.0878906275173178,0.154164205350154,0.124621335082893,0.126217585073816,0.100993147103328,0.0997315794766487,0.103877154704914,0,0,0,0,0,0,0,0,0,0,0,0,0,0,0,0,0,0,0,0,0,0,0,0,0,0,0,0,0,0,0,0,0,0,0,0,0,0,0,0,0,0,0,0,0,0,0,0,0,0,0.155775665300183,0.0934438699535843,0.171887990713188,0.0512103911940767,0.197547933569732,0.130331914065167,0.0438320050988657,0.110388705285269,0.0731824303109387,0.171303879107839,0,0,0,0,0,0,0,0,0,0,0,0,0,0,0,0,0,0,0,0,0,0,0,0,0,0,0,0,0,0,0,0,0,0,0,0,0,0,0,0,0,0,0,0,0,0,0,0,0,0
"4-MeC28","Methyl",28,2860,0,0,0,0,0,0,0,0,0,0,0,0,0,0,0,0,0,0,0,0,0,0,0,0.125853163450618,0.0407142092376445,0.0463812547483994,0.05249572482938,0.0710344373479994,0.0654680802519568,0.0502252028377575,0,0,0,0,0,0,0,0,0,0,0,0,0,0,0,0,0,0,0,0,0,0,0,0,0,0,0,0,0,0,0,0,0,0,0,0,0,0,0,0,0.411034384148466,0.0779552187606052,0.0800395935386554,0.0985544415554561,0.111172001409877,2.69624037811205,0,0,0.12430529804854,2.68720234982023,0.17307140062811,0,0.20183868004549,0.166083183990278,0.051061898411213,0.0442176997180995,0.0633044687740028,0.0676349360957179,0.0335782198551762,0.0716651811699248,0.305487772870274,0.183545319756074,0.378046019571636,0.121794435233443,0.105714563604855,0.109121490272412,0.0890971380497924,0.0564161798654094,0.0796868512338308,0.0937261980166663,0,0,0,0,0,0,0,0,0,0,0,0,0,0,0,0,0,0,0,0
"10-; 9-; 8-; 7-C29:1","Alkene",29,2875,5.54480502266833,2.48287860213953,2.1263883795902,5.15320762956731,4.22277248972723,4.86667353764975,4.30503735365268,4.04058277976298,4.72717043363154,4.44944590955299,3.14352103144064,2.72002823001145,2.70412813779854,3.42104448353235,3.01159732434803,2.74836273136135,3.24936259113163,4.07880846712962,3.33432015131389,2.54722480682427,0.765263167209863,0.564660670953893,0.611273630560323,0.560328002614878,0.831188690097917,0.685736599314281,0.859256974319758,0.733878998696258,0.920784931222147,0.867721835712287,0.666790352586873,7.24588424095724,3.74689163609975,4.23347611499808,11.2966395151909,0.363078313940728,0.446074398396053,1.14652428399218,0.529802403315245,0,0.717264376437714,0.678379479171114,0.523489327035313,0.517939541086776,0.82929244701335,0.428503993320874,1.45951574855781,0.823806649294741,0.949686181508346,1.62596994360617,2.88680314529341,0.348811480650864,0.329678652995625,0.439617305223094,0.476884231405017,0.997646849945566,0.558619418344176,0.943603608130152,0.564263731328141,0.784868108960927,7.5026411296786,5.47951137256933,1.87995872163516,3.09056436267282,6.95787650651096,6.32201007243988,1.4219300813829,6.87668592082623,1.48981346667376,7.67312043657177,2.06595968334593,2.17969011983722,4.32471992588604,1.89709310805989,3.18454822522645,2.41024002198648,5.69284717306561,4.58079384739408,2.45935321227713,4.77001915725445,0.484796843612269,0.575927787438864,0.654016577524632,0.657569310234165,0.730262489445233,0.869975539971161,0.62227603439014,0.777342199224299,0.689526424630051,0.733632925534346,0.824713790386417,1.65735062115775,1.53520982146251,1.12047374185414,1.45813531126163,0.618279580849911,0.508108834775046,0.516751570428317,0.747690903691441,0.592560380686306,0.630881309823524,0.786573063989447,0.573647881697687,0.292125648928219,0.922842270423021,0.613639301811492,0.493440846148731,0.768347975132767,0.759916354009407,0.469136123978887,2.01811349006391,0.594414747878276,0,0.552834631176626,1.01028246322541,0.560323979908208,0.597498977199825,0.656355165648882,0.932624501214747,0.844726884342227
"C29","Alkene",29,2900,8.88158324583079,7.41264109092256,12.1325421113616,16.4792213157979,9.0532492496514,8.48064307755768,14.1375254187014,10.7377591376936,16.465983733345,14.7771734560122,8.70843142160439,5.41564287204882,7.98418255067651,6.48955281029058,8.74706570448,8.48070896871322,9.90719367484903,4.79933300990885,6.6437922880133,9.19682235808907,7.03834356853285,6.3554232890366,6.00719765812161,5.99538066504439,8.79126985554931,8.1214938839274,6.49050269031953,7.08387418448121,6.60544930123962,8.25338200901575,2.41367168651039,9.42344028245459,8.45788030063093,8.51586797262996,11.3245704702399,8.54189952079361,7.70592771528342,6.65390259177028,9.74888795689217,3.9053947138756,9.35031053213402,8.82442660827307,9.46257996919699,8.83529780972029,7.98563623434247,9.50251953154688,13.5669969302305,9.16316973161572,9.06556776137885,10.2651171746839,9.83678282112384,10.2016277361728,8.39462503009641,11.978428932151,5.22581904208446,6.92288035626152,7.71365277309072,10.9141634762286,9.2006574223229,8.57853751236935,15.6486440918235,26.5267465982211,8.0786657352791,14.3420626107164,19.6899807968268,21.2523476739562,10.2774837598334,22.0882387790142,12.0791584756259,19.6739631263842,15.1302077162833,17.1825641801286,9.179252389747,10.7603885084398,12.2623368464561,12.3502664499133,17.6519139964557,17.4927818490772,13.1027654123353,19.0011527907244,5.99999873742084,5.90194032914364,7.88493644273549,7.53310494332732,7.97479845564574,7.85099113000403,7.25678208394123,0.0530486320139152,9.73057976386578,8.18182464890323,5.15718973001092,7.31973863919367,1.70179233996341,6.11644173521225,6.53108928081545,6.19873807501075,0.600256731768908,3.68726066111477,3.42785263348623,3.00348891402693,13.7711496060091,12.3366561890121,14.0121480497821,11.6162680542181,21.3279726752491,10.0068693499109,14.2346299016668,21.1803537545672,12.545821060259,5.55132351988502,20.3631313535211,11.0437343378772,3.19688011375028,2.82988179191458,12.0091282299435,10.7915607610156,7.89390698528066,9.27416914472141,7.49937626607278,9.11650387972566
"15- ; 13-MeC29","Alkane",29,2928,0.45548257743158,0,0.305741904276277,0.5414981850079,0.412320161631735,0.344681691974649,1.00000530957074,0.466335810370548,0.571433025305614,1.03954270623388,0.386338831394346,0.175818398503465,0.344777798510599,0.350983329826669,0.281193400325655,0.119395855469655,0.275761185805975,0.153388395270225,0.174890630199028,0.124299527473305,1.08960063715823,1.3147325508297,2.80125279503583,11.3193012513377,10.5245490564896,0.655033850544043,0.468164221343316,1.32253280803891,0.610676421639993,0.829071124844837,0.210272037577893,0.185369534706581,0.14032477210075,0.23266557979586,0.21349446365509,0,0.371842692890641,0.39600048768492,0.30292184381228,0.176400699114059,3.28218516680364,1.00217323477836,4.25957242436771,1.44645042247098,0.779718177592144,0.28362185436855,0.385290502215147,3.60581629981922,0.667201212445414,0.511653457714775,0.0877642058362891,0.302867158287825,0.212269197904994,0.558077377568067,0,0.317973260247683,0.266041274221046,0.25483403364847,0.252983652063791,0.266876125420325,0,0,0,0.195653325908474,0,0.610462071860169,0,0.792305983570004,10.3216582166831,1.01808015711493,0.203005959335975,0.277299605416926,0.260554424822432,0.39398376962701,0.290044256433851,0.548605204634773,0.0478688703444101,0.281478288597844,0.182298635591749,0.506884515785109,13.604140017596,0.931121131356015,14.7136750180484,15.596179882474,0.700647950534689,0.100522320017229,0.0329466967838637,0,0.0699607710125351,0.0509633438935748,0.181416269415597,0.241579613406239,0,0.108421004271426,0.143972363999321,0.150242987539928,0.146054473260101,0.258010897904771,0.180445659475777,0.230614627185363,0.685352230619689,0.664695036255828,0.982756905178579,0.153378292024957,0.310295313653177,10.7620007415879,1.32508208918633,0.249311398319938,5.37362139119996,0.179034608684428,0.328948917117677,0.179397359857145,0.21252431017599,0.100735646422604,0.227893244500419,0.292891786425877,0.212503707090243,0.156512556116173,0.224147776800148,0.100548908650125
"13, 17-diMeC29","Dimethyl",29,2951,0.0383012574052044,0.355531817436649,0,0.0449417837023728,0.0287376208850618,0.0382793880674484,0.128700306225827,0.0517272777128403,0.0553310122999345,0.116261016251257,0,0,0,0,0,0,0,0,0,0,0.0863360676049486,0.100883855927105,0.158573760232758,0.692414101946631,0.642384925009591,0.0408816072953122,0.0291983291453263,0.0932020645743226,0.0466583852489801,0.0621238204499309,0,0,0,0,0,0,0,0,0,0,0,0,0,0,0,0,0,0,0,0,0,0,0,0,0,0,0,0,0,0,0,0,0,0,0,0,0,0,0,0,0,0,0,0,0,0,0,0,0,0,0,0,0,0,0,0,0,0,0,0,0,0,0,0,0,0,0,0,0,0,0,0,0,0,0,0,0,0,0,0,0,0,0,0,0,0,0,0,0,0
"11, 17-diMeC29","Dimethyl",29,2958,0.0893054754113589,0.966765719754457,0.0421154913261605,0.105404598213472,0.0618715571524437,0.0787636083918481,0.236210863038733,0.105562360821852,0.116217793044586,0.221128822003478,0,0,0,0,0,0,0,0,0,0,0.177028242882665,0.247546908642269,0.394415816256486,1.42470278881938,1.32553380756321,0.0824856077862254,0.0584608434291555,0.211629590529222,0.0910189080087661,0.131162608258144,0,0,0,0.325332749567686,0.064191093137127,0,0.0618515703549852,0.0823083097331994,0.0511134131567904,0.108667926629406,0,0,0,0,0,0,0,0,0,0,0,0,0,0,0,0,0,0,0,0,0,0,0,0,0,0,0,0,0,0,0,0,0,0,0,0,0,0,0,0,0,0,0,0,0,0,0,0,0,0,0,0,0,0,0,0,0,0,0,0,0,0,0,0,0,0,0,0,0,0,0,0,0,0,0,0,0,0,0,0
"4-MeC29","Methyl",29,2959,0,0,0,0,0,0,0,0,0,0,0,0,0,0,0,0,0,0,0,0,0,0,0,0,0,0,0,0,0,0,0,0,0,0,0,0,0,0,0,0,0,0,0,0,0,0,0,0,0,0,0,0,0,0,0,0,0,0,0,0,0,0,0,0,0,0,0,0,0,0,0.0442835037479663,0.0513098226603985,0.0570785042896806,0.0565556941027589,0,0.444176547700231,0.114251094747047,0.0866458784730458,0,0,0,0,0,0,0,0,0,0,0,0,0,0,0,0,0,0,0,0,0,0,0,0,0,0,0,0,0,0,0,0,0,0,0,0,0,0,0,0,0,0
"C30:2","Alkadiene",30,2959,0,0,0,0,0,0,0,0,0,0,0,0,0,0,0,0,0,0,0,0,0,0,0,0,0,0,0,0,0,0,0,0,0,0,0,0,0,0,0,0,0,0,0,0,0,0,0,0,0,0,0,0,0,0,0,0,0,0,0,0,0.432635362200744,0.118972069069726,1.76830461554466,0.0490915498232678,0.245051678901511,0.258245517294236,1.42228470250705,0.275702451005247,1.28563791076851,0.401295547739218,0,0,0,0,0,0,0,0,0,0,0,0,0,0,0,0,0,0,0,0,0,0,0,0,0,0,0,0,0,0,0,0,0,0,0,0,0,0,0,0,0,0,0,0,0,0,0,0,0,0
"3-MeC29","Methyl",29,2967,0,0,0,0,0,0,0,0,0,0,0,0,0,0,0,0,0,0,0,0,0,0,0,0,0,0,0,0,0,0,0,0,0,0,0,0,0,0,0,0,0,0,0,0,0,0,0,0,0,0,0,0,0,0,0,0,0,0,0,0,0,0,0,0,0,0,0,0,0,0,0,0,0,0.0609773166146271,0.165863370220603,0.119632550583769,0.158586429117951,0.1572057743249,0,0.530848784878469,0,0,0,0,0,0,0,0,0,0,0,0,0,0,0,0,0,0,0,0,0,0,0,0,0,0,0,0,0,0,0,0,0,0,0,0,0,0,0,0
"10-; 9-; 8-; 7-C30:1","Alkene",30,2976,0.226749635864867,0.109232304052129,0.195224162609534,0.527226736640045,0.256822014793781,0.27836587983284,0.720226131087707,0.294759832089731,0.55723816803742,0.744998087317612,0,0,0,0,0,0,0,0,0,0,0.239858274321612,0.20445641510929,0.231032062745622,0.394870622464796,0.402514626203794,0.174712106183937,0.179636623771028,0.201311506405073,0.201099377284911,0.230955474335631,0.0371299011482496,0.0763265720613025,0.0618181165015288,0.319619859688059,0.124871199046076,0,0.255431317883088,0.204809805778861,0.180017609281685,0,0.105484454146941,0.121325368131454,0,0.123439675954053,0.213825063092738,0.022825466941988,0.104316527209121,0.135762077092153,0.164790110157737,0.192104197324101,0,0,0,0,0,0,0,0,0,0,0,0,0.254439098810146,0,0.0779535891651724,0.306971532835657,0.186045212439493,0.340538125259281,0.201807140993418,0.0889381909682908,0.11495998226097,1.61218602504821,0.180277042345747,1.39870856730324,0.178749237100752,0.203213219482673,0.432441987591597,0.228621423393913,0.386764135194567,0.251289885537228,0,0,0,0,0,0,0,0,0,0,0,0,0,0,0,0,0,0,0,0,0,0,0,0,0,0,0,0,0,0,0,0,0,0,0,0,0,0,0,0
"5-,17-;  5,15-diMeC29","Dimethyl",29,2980,0.0355349467506074,0.322045497073308,0,0,0,0,0.160551089241681,0.060075974537799,0,0,0,0,0,0,0,0,0,0,0,0,0,0,0,0,0,0,0,0,0,0,0,0,0,0,0,0,0,0,0,0,0,0,0,0,0,0,0,0,0,0,0,0,0,0,0,0,0,0,0,0,0,0,0,0,0,0,0,0,0,0,0,0,0,0,0,0,0,0,0,0,0,0,0,0,0,0,0,0,0,0,0,0,0,0,0,0,0,0,0,0,0,0,0,0,0,0,0,0,0,0,0,0,0,0,0,0,0,0,0,0
"C30:1","Alkene",30,2983,0,0,0,0,0,0,0,0,0,0,0,0,0,0,0,0,0,0,0,0,0.0872850610323071,0.0876936797004166,0.0801089938819125,0,0,0.0762380058784608,0.0816165369403463,0.081161152647418,0.101695708548783,0.119769473233551,0,0,0,0,0,0,0,0,0,0,0,0,0,0,0,0,0,0,0,0,0,0,0,0,0,0,0,0,0,0,0.311728950543351,0.190598253982332,0.461624419044397,0.157232987636671,0.859465471629675,0.223096741590213,0.386366551655773,0.160839264985278,0.435707030422956,0.437069390905801,0.0404905133148535,0,0.0509461344352611,0,0.0618477629877824,0,0,0,0,0,0,0,0,0,0,0,0,0,0,0,0,0,0,0,0,0,0,0,0,0,0,0,0,0,0,0,0,0,0,0,0,0,0,0,0,0,0,0,0,0
"C30","Alkane",30,3000,0.227838230052568,0.304927199336442,0.481395916819348,0.364954390131521,0.199041242974609,0.231063780430092,0.344831969729253,0.202696595221126,0.326717156299358,0.368106027590056,0.204166451295302,0.238455532890613,0.393393279373874,0.278040525227725,0.327043043608509,0.334868369103946,0.374490419727638,0.212685682546572,0.171175027017459,0.369525884278253,0.302097110722564,0.288209104024497,0.204425917601084,0.234979791316931,0.247573937113699,0.228096420599791,0.224409635575068,0.211402707717663,0.26676145207714,0.262855407063527,0.0595486601569669,0.302766246523326,0.386459160934087,0.228386109010453,0.379841109141682,0.221660651762209,0.361450417887502,0.221959942101823,0.273555159987707,0.492161793499256,0.37762203367448,0.322422768077994,0.364939125379781,0.343204573483896,0.346320524074949,0.429322933777061,0.404833613671091,0.325406751589406,0.28317877622989,0.270665573357792,0.598262823466489,0.985509950608713,0.78254824405729,0.375101769693518,0.282902368201646,0.157999425731928,0.435666027231148,0.630560404632846,0.347820497283045,0.598566139384388,0.526728011276854,0.646847731333867,0.334552840758561,0.498915632234456,0.74883592403756,0.641609601224155,0.276309777547642,0.459095878430587,0.385728373904225,0.426182959732835,0.400466594024674,0.64945292989618,0.42768791356792,0.491616285886595,0.332957021362139,0.335267825677212,0.446906510630642,0.337784672425537,0.444589568744065,0.657578346986508,0.34036682701516,0.178046147621088,0.341874451603698,0.380502438833834,0.329385284752401,0.302193203486424,0.329921867633598,0.420910971076981,0.36615794864323,0.327456509391623,0.296579382118216,0.279850071728995,4.99430443704613,0.282589994035794,0.243095727416276,0.304520150754515,0.407779665657046,0.265432308721369,0.313355300307301,0.526375054496507,0.22425462139811,0.313658002798297,0.39045010931323,0.130095859421433,0.324907560071125,0,0.364220736663535,0.410963198181869,0.232238514987604,0.0771916877927812,0.28108301546998,0.206196276530662,0.0650534614771626,0,0.212734794112781,0.237677326008029,0.0648942796924326,0.0780284403397813,0.0529541837123138,0.103493073899331
"15-; 14-MeC30","Methyl",30,3030,0.0215778992513146,0.401081761719929,0,0,0.0133670524102861,0,0.0334186466863407,0.0257047216268905,0.0130858536720722,0.0669946076345433,0,0,0,0,0,0,0,0,0,0,0.0507977898140329,0.0879904634183726,0.149274028206292,0.584393330735092,0.524683104534611,0.0241147719360825,0,0.0598696097219395,0.0263464041950266,0.0340717806454852,0,0,0,0,0,0,0,0,0,0,0.160571783760004,0.0445762657018089,0.222207808302884,0.0575258188528902,0.0429528631669083,0,0,0,0,0,0,0,0,0,0,0,0,0,0,0,0.149159490837344,0.0242662696685853,0.552264345196463,0.0156152270748424,0.112481204653344,0.041804733682581,0.477335501911812,0.0747164339878844,0.504757420485105,0.0972664664843111,0,0,0,0,0,0,0,0,0,0,0.738411755440375,0,0.798170148443535,0.771440125021649,0.0325562305421129,0,0.0378885682367512,0.0222172378035269,0.023776683049224,0.0643838803123692,0,0,0,0,0,0,0,0,0,0,0,0,0,0,0,0,0,0,0,0,0,0,0,0,0,0,0,0,0,0
"C31:2_1","Alkadiene",31,3051,0.243128994833985,0.169901647728695,0.0721902744704079,0.29031343930056,0.238775956871241,0.32861304813115,0.319764695927655,0.265068483632266,0.285582707060815,0.4589076758453,0,0.16363265502804,0.169423185251545,0.16974364261084,0.132015021882619,0.123030786632696,0.205444241544466,0.14795645179345,0.171061010003633,0.191720519048341,0,0,0,0,0,0,0,0,0,0,0.0245212507977188,0.0182895981580543,0.0268737439384653,0.095749670281811,0.0575245699329287,0,0.0643071388769817,0.143928647758967,0.0990548609948215,0.0543749206330877,0.386696912527397,0.316420226723462,0.369682427851792,0.282088919894358,0.469464079101992,0.140579761201684,0.634905823486209,0.281514997158172,0.453206325095577,0.958214952278671,0,0,0,0,0,0,0,0,0,0,0,0,0,0,0,0,0,0,0,0,0.154630170651116,0.0819692171655226,0.145999768869307,0,0.143932876832895,0.252336365690889,0.358835158086031,0.319096877002875,0,0.272679963555533,0,0,0,0,0,0,0,0,0,0,0,0,0,0,0,0,0,0,0,0,0,0,0,0,0,0,0,0,0,0,0,0,0,0,0,0,0,0,0,0
"C31:2_2","Alkadiene",31,3057,0.543544780198762,0.515752560503437,0.2009879419475,0.896712135340563,0.531826921998584,0.824371158575737,1.22582291650141,0.694789067907705,1.11342338563658,2.05200243606766,0.334275336808305,0,0.386586532532462,0.318320811399328,0.378193355905218,0,0,0.233833637246911,0.3683830589959,0,0,0,0,0,0,0,0,0,0,0,0.0904608109973922,0.067214238623903,0.0645022286491279,0,0.148330981688443,0.103234902615436,0.362962281724326,0.367960789862063,0.311320657277342,0.157148700166851,0,0,0,0,0,0,0,0,0,0,0,0,0,0,0,0,0,0,0,0,3.66545485161164,1.4290097869744,0.593199955649281,1.01530416228281,3.4714027444365,2.97619350597309,0.339202470089815,2.11489882071604,0.382087656333733,5.82597776187228,0.531483554968114,0.603361131389741,0.741289879686808,0.583717670522847,0.732148733152631,0.849435377253695,0,1.50071978249197,0.670703771421122,1.42043947508938,0.132924275908919,0.354259258668205,0.165211535820167,0.124376045919307,0.293134298513344,0.121043289799852,0.197852650689265,0.173286610106941,0.165447116842766,0.327860669323343,0,0,0,0,0,0,0,0,0,0,0.0856943634407048,0.114015023618806,0.184786540762495,0,0.108582133035323,0,0.0920201858399971,0.123159292766019,0,0.0828155367221595,0.371429503325642,0.0786556137822578,0,0.024310319265048,0.14888681355315,0.0688564088673364,0.0850371221640602,0.126971964509219,0.0745307939907224,0.134889255233338
"4-MeC30","Methyl",30,3064,0,0,0,0,0,0,0,0,0,0,0,0,0,0,0,0,0,0,0,0,0,0,0,0,0,0,0,0,0,0,0.0700094496254105,0,0,2.19020273058998,0,0,0.242989632987521,0.332904323057616,0,0.141279577414611,0,0,0,0,0,0,0,0,0,0,0,0,0,0,0,0,0,0,0,0,0,0,0,0,0,0,0,0,0,0,0.314375583176484,0.381706645027268,0.610862938252755,0.364663245625433,0.500987225570732,3.73921913183321,1.75312964569118,0.949216139493295,6.83471337511721,4.27971689938842,0,0,0,0,0,0,0,0,0,0,0,0,0,0,0,0,0,0,0,0,0,0,0,0,0,0,0,0,0,0,0,0,0,0,0,0,0,0,0,0
"10-; 9-; 8-C31:1","Alkene",31,3075,8.53520683952983,9.939967946412,5.01773761580514,20.9934320040083,9.39508921388143,9.34412570825659,15.713661352381,11.890814348011,17.559251902924,15.0651588372824,3.37764796199877,2.37679826680331,4.97623437325223,2.7471249344469,7.71412797341941,2.34237771413263,5.86928562709153,5.22668877950128,5.99754068613859,5.19606888070365,11.128876241481,10.3978203846133,10.947189710197,2.40387733494261,4.44941431167285,12.7163593538491,13.5839624182586,12.0696403092866,13.275367845176,8.27196941309678,2.38891380723974,8.29426869856802,4.58603096048103,4.78073404000065,11.1084281647978,5.21132844376503,6.81816283828853,5.83887804200192,7.25316261842564,2.90453658880173,11.2495720645545,10.4597946294848,9.9161818847406,9.56788939778181,14.9319825396352,5.16295849559021,10.3428456838853,10.5515473657204,14.8769251799894,16.7226754277562,5.7937213449134,3.64871912156592,3.24439434257875,3.73875850204393,4.34630803313986,5.14261182691683,3.1414602752645,5.80582185761903,4.1903876315334,4.30801043389983,18.4131229054001,8.77448341368779,4.38769569622924,12.3775105202265,10.0689289555212,12.9270147236614,3.15195644199661,16.5563790825541,3.26950146118511,17.5938527136878,3.76910199655533,5.41175844240831,11.2307656828177,3.27423567078751,5.9809339729803,6.30470658842986,5.66696302230335,7.57161011957147,4.96424270598402,8.28145647868711,1.64249602409231,9.1969468287569,2.54452698879987,1.70304300716385,8.59235037222649,3.81768688131425,7.65025002349083,8.79224979880369,8.80787757425918,8.58827721476942,6.65785952298951,12.727672481397,17.1371153921804,5.13435844827679,5.93070987183909,8.68967708645259,16.0188655538575,6.97384170224298,6.32748439105581,3.91296825663794,16.2334528532827,15.5170397205687,11.5888810554276,2.92468285386155,12.6780943090959,5.4900186630433,10.0116886922012,11.4790801036981,12.1471245551763,3.91648117423748,11.5633730832151,4.98553279413485,3.34072891255477,2.13103210021163,6.48036776409892,4.80609741135601,3.96318169055894,6.10457836060324,5.12740688727506,4.66102976596145
"C31:1","Alkene",31,3087,0,0,0,0,0,0,0,0,0,0,0,0,0,0,0,0,0,0,0,0,0,0,0,0,0,0,0,0,0,0,0,0,0,0,0,0,0,0,0,0,0,0,0,0,0,0,0,0,0,0,0,0,0,0,0,0,0,0,0,0,0,0,0,0,0,0,0,0,0,0,0,0,0,0,0,0,0,0,0,0,0,0,0,0,0,0,0,0,0,0,0,0.37835684963866,0.835678985967557,0,0.442054446327488,0.387689072189855,0.93330012156405,1.4635344748274,1.38246105518256,1.10834945216135,0,0,0,0,0,0,0,0,0,0,0,0,0,0,0,0,0,0,0,0
"C31","Alkane",31,3100,3.47202507380344,2.55352159199332,11.2787435026665,6.27830051092297,3.24901669037935,3.96377994222966,5.45077538576618,3.72137246311194,6.0853136552353,7.08119078599881,2.90432306441107,1.86891512730671,4.12206803955431,4.12764897376803,7.32870084298501,3.55226293622955,5.78761007695713,2.31085377901693,2.66515676518093,3.9776266305217,8.43930581610987,7.71423184442947,5.67088540369804,1.55184496819043,3.31598867710662,7.26512965253485,7.44682731492106,6.38033575065494,6.85682969168752,6.82430005227445,1.70162441299185,7.13172924833076,8.62244531570206,4.73726163829511,7.4634741779927,9.92633697892022,7.24012611335207,6.34815895955938,7.36981509578383,5.051303052348,8.48882702762913,9.08896767041511,7.0436023850739,7.90615750312799,9.88030916797889,10.277039973089,11.4785034558876,8.48206091259567,8.36568916495946,7.24547883186136,5.45867570243713,8.36108588423759,6.48759379206717,3.99865240500259,4.05032433396941,3.0623206490692,5.03153024453247,6.79213416790382,7.46879451008398,6.14073889158398,6.34193870201823,9.28733351862879,1.97276626648519,9.84736075854684,11.2597989385053,9.52690332852957,1.96362401147329,8.3052906028777,2.23998078146177,6.52095808405323,6.55378737065222,8.79246431931979,3.26287231703036,4.04953899165354,4.07142177891293,3.51263157215787,6.0347762522978,5.19508360280253,0,0,1.7368282591763,6.09570991980787,2.14604400223296,1.5591094607519,8.68391012356021,9.13882676782859,9.4954323117535,12.5969551333379,11.0153378022148,10.6899548550539,4.30869660942891,2.83648833923703,1.14035848102308,6.17477510962395,3.36109371533919,5.86742508709524,5.16658139870039,3.34232084671723,2.69802266203253,3.69403901216931,14.211844588798,12.7733091093363,17.6970438239455,5.74377971779451,14.3628363234362,3.21404069027212,18.1023221684649,17.0005514119615,8.76411840962608,3.14068254996572,11.7841780886146,9.55298197503998,2.24447759360809,1.26530501046212,8.47380025606803,8.52991364130443,2.83656835223177,3.93368894436216,2.25328493537684,3.15627878909912
"15-; 13-MeC31","Methyl",31,3125,0.26069873639442,3.91409397977315,0.392609440639043,0.740575396831845,0.31520542013407,0.277319725395746,0.931926349094349,0.368653248658916,0.379394509758292,0.706451023751317,0,0,0,0,0,0,0,0,0,0,1.13829092968274,1.2372632397742,2.18771567829185,6.47178599182703,6.62001288652788,0.74132721054707,0.663870506720903,1.20166345945589,0.777016940784834,0.849027485562996,0,0,0,0,0,0,0,0,0,0,2.30819368833253,0.891821507743327,3.10067612337679,1.24769030210495,0.652035044721623,0.431002061916388,0.698834955233694,3.25193982522932,1.41346911144589,0.984057455458256,0,0,0,0,0,0,0,0,0,0,1.32821291040739,0.195956240085055,5.49939815304185,0.19796058896586,0.677572814300308,0.479537650935076,5.74768091326614,0.547301402380976,5.20674244149426,0.570934541979615,0.187659907150753,0.620800136365021,0.171040880663359,0.519408577399179,0.199301517909079,0,0.490042952479749,0.0305334199790148,0,0,8.18087051840649,0.977743776107609,8.93918689205587,9.41247978884235,0.751296369356245,0.310966357809898,0.949794995621106,0.370298479952085,0.669937171966997,0.95162928419348,0,0,0,0,0,0,0,0,0,0,0.562462921894401,0.325029354848778,0.738156952297515,0,0,5.23024377770331,1.03946210682175,0.21469450468233,2.92339708228788,0.0924791424972245,0,0,0,0,0,0,0,0,0,0
"11, 17-diMeC31","Dimethyl",31,3149,0.116379561507268,0.996463137114165,0.227566874108085,0.634940800114755,0.236079247211372,0.257952544255931,0.704603614496949,0.318234528106673,0.263772435235775,0.815410888292094,0,0,0,0,0,0,0,0,0,0,0,0,0,0,0,0,0,0,0,0,0,0,0,0,0,0,0,0,0,0,0,0,0,0,0,0,0,0,0,0,0,0,0,0,0,0,0,0,0,0,0,0,0,0,0,0,0,0,0,0,0,0,0,0,0,0,0,0,0,0,0,0,0,0,0,0,0,0,0,0,0,0,0,0,0,0,0,0,0,0,0,0,0,0,0,0,0,0,0,0,0,0,0,0,0,0,0,0,0,0
"13, 17-diMeC31","Dimethyl",31,3150,0,0,0,0,0,0,0,0,0,0,0,0,0,0,0,0,0,0,0,0,0.557840796839685,0.600765417334813,0.715034963026585,1.38363130435483,1.38626112318746,0.543325846044542,0.501860938961385,0.65333894137677,0.517391675862993,0.499161472249298,0,0,0,0,0,0,0,0,0,0,0,0,0,0,0,0,0,0,0,0,0,0,0,0,0,0,0,0,0,0,0,0,0,0,0,0,0,0,0,0,0,0,0,0,0,0,0,0,0,0,0,0,0,0,0,0,0,0,0,0,0,0,0,0,0,0,0,0,0,0,0,0,0,0,0,0,0,0,0,0,0,0,0,0,0,0,0,0,0,0
"C32:2_1","Alkadiene",32,3150,0,0,0,0,0,0,0,0,0,0,0,0,0,0,0,0,0,0,0,0,0,0,0,0,0,0,0,0,0,0,0,0,0,0,0,0,0,0,0,0,0,0,0,0,0,0,0,0,0,0,0,0,0,0,0,0,0,0,0,0,0.694311529278557,0.123290901603004,1.03133221196929,0.0954572554490784,0.347373663975872,0.31234919750009,1.48890036250979,0.144950171372632,0.88841867264458,0.298602283851757,0,0,0,0,0,0,0,0,0,0,0,0,0,0,0,0,0,0,0,0,0,0,0,0,0,0,0,0,0,0,0,0,0,0,0,0,0,0,0,0,0,0,0,0,0,0,0,0,0,0
"C32:2_2","Alkadiene",32,3158,0.120480261516282,0,0.256489157053997,0.644323432757103,0.171155649485085,0,0,0,0,0,0,0,0,0,0,0,0,0,0,0,0,0,0,0,0,0,0,0,0,0,0,0,0,0,0,0,0,0,0,0,0.600490628654466,0.215921802787643,0.737454711771898,0.277271834937701,0.264654113115432,0,0,0,0,0,0,0,0,0,0,0,0,0,0,0,0,0,0,0,0,0,0,0,0,0,0,0,0,0,0,0,0,0,0,0,0,0,0,0.17961824736074,0,0.061714027671546,0,0.0419986012875684,0.234501703998658,0.383865021203363,0,0,0,0,0,0,0,0,0,0,0,0,0,0,0,0,0,0,0,0,0,0,0,0,0,0,0,0,0,0
"10-; 9-C32:1","Alkene",32,3173,0.0772950547593863,0.523800500563996,0,0,0.132350585904787,0.311449793130271,0.757578984244296,0.307694843403865,0.443524876103063,0.873485602691171,0.28786132773642,0.0857345168379171,1.53492727503288,0,0.387951311690448,0.0869719228296665,0.380709682861659,0.35950860871451,0.317552363170146,0.356757577113973,1.55756854235931,1.50988783307042,1.31071756053756,0.31809693443684,0.526643537277716,1.23873277989217,1.46725073571929,1.28908734753519,1.17264420131118,1.33070738494795,0.237519834731127,1.01534706596925,0.268312150372573,0.357290145908779,1.09007312957134,0.805599184807155,0.878020031640073,0.807883557320291,0.637984561294227,3.57807043038195,1.14188286902022,0.878336743843417,1.36807364631137,1.16115895599836,1.18679465402066,0.274371988947806,0.531019272058376,1.66385877454092,1.08403991016237,0.760347373687618,0,0,0,0,0,0,0,0,0,0,1.27467644072761,0.24940774942158,0.409520778503739,0.57003364756794,0.647314098821064,0.541705512156806,0.970615966946148,0.352497539302364,0.264590137451292,0.33699314490294,0.372884899212493,0.437605725252855,0.281938352840194,0.183496802050132,0.139668763938116,0.164703007805746,0.568293767163228,0.284944914970135,0.0866406541450105,0.25604901129833,0.434300980869763,1.03504489267853,0.396455503102029,0.325585520531917,0.840698133576654,0.350929547407074,0.895579782815409,0.665314791263799,1.45034909918487,1.09901467384977,2.32654026222166,3.73764510272826,0.458448250893149,3.28129738151638,0.340832954832719,2.78684692279401,0.297508613765372,0.616382785782867,0.301871997165521,0.374288904249632,0.645726710310695,0.698946846909142,0.801729291624748,0,0.656977701209334,0,0.819632449927655,0.690916158516095,0.706611700532775,0.146139533425953,0.353841500211265,0.219278488495556,0.163655874360617,0,0.27418813802996,0.180029235568886,0.139144785998715,0.179898242520909,0.173318457093506,0.148355733563749
"C32","Alkane",32,3200,0,0.218779181283074,0.244222838506971,0.291058762546293,0.159426059354849,0.184022972513522,0.227220507607561,0.0906519396707545,0.197573814473668,0.143717646197652,0,0,0,0,0,0,0,0,0,0,0.34560398238874,0.265842473892474,0.126639484217752,0.0469086572882545,0.0613661291039586,0.275465860618356,0.311838251291279,0.241018758206055,0.393007091588293,0.252013648291816,0.0417957941869243,0.389633640253646,0.201907248210546,0.183491424523514,0.390645514438525,0.400507842694841,0.358597252447352,0.185174437224363,0.174955665863512,0.537792258013711,0.620183337072861,0.351291164403761,0.655779288517413,0.649105006087435,0.427137786906959,0,0,0,0,0,0,0,0,0,0,0,0,0,0,0,0.856653181864263,0.192346579207805,0.0945054968875739,0.170679612434308,0,0.251724846745544,0.352408767707791,0.172069941396593,0.084530152735779,0.0806500893280316,0.413234762071506,0.590271940047236,0,0.33713842280855,0.144273076429621,0,0.118972528524071,0,0,0.186712151927045,0.209512573499037,0.180207100818324,0.118421512129717,0.0891494786713584,0.558714004106459,0.217304447173296,0.427380776723678,0.311236800880455,0.342112695224665,0.392431907031519,0,0,0,0,0,0,0,0,0,0,0,0,0,0,0,0,0,0,0,0,0,0,0,0,0,0,0,0,0,0
"C33:2_1","Alkadiene",33,3249,0.879555082358279,1.6586334056834,0.606768752551029,2.85057288633825,1.03046826162902,1.67404168819581,3.54433720213343,1.70998138597751,2.56102871662306,6.62425454695266,1.08005610038338,0,1.28899795231428,7.51312089654161,0.116797653327896,0,0.155993376346462,0.948956999050345,0,0,4.59029290383108,3.52025053807335,3.64748967739916,0.581813611968247,0.956557968294338,6.68010073736221,5.25244703910926,6.27721017760154,6.90345477406703,7.24035294954581,0.525660306308181,0.539911990823612,0.406207080082332,1.08106752669285,0.922446646092744,1.07157929776103,2.49408131503236,2.27571405409685,2.07483020013247,1.08743582499794,3.92545708527282,3.11598532055915,3.40650410202705,3.05309963487927,3.96080179589523,1.12651905363504,3.06175449157922,2.69819992912582,3.97642384135445,4.96462817008215,0,0,0,0,0,0,0,0,0,0,0,0,0,0,0,0,0,0,0,0,0,0,0,0,0,0,0,0,0,0,0.585391500245229,6.15097941361344,0.562294298275121,0.420333518943634,4.17708817264369,0.89322541319707,3.19063153680772,2.51546680324501,0,0,0.617253574189565,0.867262714871551,0.669641140456835,0.479638870516187,0.915163715079041,0.902863619998537,0.789185476620624,1.24564585009701,0,2.56340491947513,1.02937761325625,1.32501870583306,1.79828007298009,0.109607504951683,0.892914358614326,0,0.951233709451742,1.06389020859811,1.07935667660374,0.474501304319033,0,0,0,0,0,0,0,0,0,0
"C33:2_2","Alkadiene",33,3257,0,0,0,0,0,0,0,0,0,0,0,0,0,0,0,0,0,0,0,0,0,0,0,0,0,0,0,0,0,0,0,0,0,0,0,0,0,0,0,0,0,0,0,0,0,0,0,0,0,0,0.752159099923452,1.0131675787423,1.19272344939351,1.94213237567599,2.00494595414947,1.03866005166798,0.860051781998435,1.08604618452461,0.97648934912648,1.59715309139721,2.71604801905308,1.12494344340809,0.747271517230053,1.30234828516026,3.19527155959752,2.60435137302613,0.767736572447996,1.79622575440629,0.409187310511143,3.85190935492118,0.624010034444379,0.966275482412775,0.924062987896659,0.55298451182337,0.73328594347697,1.38351395629487,1.24912836075892,1.39172766722113,0.661524571947796,1.60117415606511,0,0,0,0,0,0,0,0,0,0,0,0,0,0,0,0,0,0,0,0,0,0,0,0,0,0,0,0,0,0,0,0,0,0,0,0,0,0,0,0
"C33:2_3","Alkadiene",33,3265,0,0,0,0,0,0,0,0,0,0,0,0,0,0,0,0,0,0,0,0,0,0,0,0,0,0,0,0,0,0,0,0,0,0,0,0,0,0,0,0,0,0,0,0,0,0,0,0,0,0,0,0,0,0,0,0,0,0,0,0,1.13779316010895,0.333966696392878,0.259820582523534,0.486577700663609,0,0.907246448419684,0.354885149790458,0.560995750473505,0.133523340995755,1.88293070641957,0,0,0,0,0,0,0,0,0,0,0,0,0,0,0,0,0,0,0,0,0,0,0,0,0,0,0,0,0,0,0,0,0,0,0,0,0,0,0,0,0,0,0,0,0,0,0,0,0,0
"10-C33:1","Alkene",33,3278,5.73114427534661,8.7089128199269,4.52362684068478,10.2786587137758,7.39089488170409,6.63591808034961,12.1019986604157,7.20697975444444,7.17461359446202,0,0,19.9009933824369,3.33811119596817,13.5814807528419,9.27313590472296,18.4343689965589,8.49932825959038,7.52927946061348,8.44220252319871,10.3956331812709,33.241067846774,33.9441523847509,31.2887079510582,0.59456774359629,1.19385538542399,30.9791644242154,34.4135958535092,31.607365774589,31.4290448892687,32.6083926129793,5.24444022026774,6.38622807361029,4.86455127786176,10.0823192403415,5.54558144904379,2.80866176992327,15.0925431180592,12.0362724645519,13.0899657156562,6.43754759273765,26.8379574072128,30.3734417253155,24.5723717239471,28.9400575039129,29.3945283183178,1.38317398095709,16.4769829541162,27.1731906492217,30.3377870211573,23.8132062886438,0,19.8439381969489,14.3805538636409,8.14672114655521,8.82747564078633,9.45602289610364,7.42045642843746,12.4722724906992,9.1307604177092,12.0631701799404,7.69956455432428,4.21499380648172,4.51557166052974,10.7296726456674,10.5721807208166,5.45189135726765,3.52063781592599,7.72871245815018,2.33199431011985,5.49061411153049,2.88062674997847,3.61357777208886,8.05209944687801,2.3371723301868,4.41425867246716,1.99138615723945,4.31576172603093,1.15851739979932,7.85003436340024,4.87986284467261,7.24460074962304,36.2401604816436,7.76150208375044,4.64539178251448,34.9921951293745,12.7163613725166,36.729417208297,30.0276278872204,37.3227687173649,29.3245447949824,10.9413011391697,19.1232753364368,5.27816517325534,9.03417334247664,11.5051966893449,13.6037431181463,6.66007065598045,9.79306424799544,10.3527681951466,12.5782280759719,34.9329335289474,36.9749357904772,29.4277077167435,4.92059700802335,26.7115610829426,8.08342875130138,28.1353952233445,24.1986056992191,24.6201562773357,7.2781991313461,16.3347710103711,9.84907072266211,6.08834441893133,4.02222352129484,9.31874379094845,7.83538762476773,6.54067056522837,9.28495616269875,6.63442071958754,6.43825150774977
"C33","Alkane",33,3300,0.322205326290838,0.628938860954247,1.98244747524378,1.50450696097938,1.00419558878294,1.96912011169074,1.32668795265556,0.406421674121519,0.405381436062562,1.66722723796607,0,0,0,0,0,0,0,0,0,0,3.93581692025907,3.3695845789947,2.94380492903824,1.50608071125952,1.34110045349523,3.51822161102545,4.03257413653366,2.73813295990456,2.82832586086057,2.40463141566825,0.410230917286128,1.8890443529534,3.20586439876557,1.05891894450902,1.94903555432145,8.02986216521954,2.48438049778072,2.3490258643198,2.28642445077345,1.80795440732483,2.52585658666053,2.89509046961571,2.59270057990444,2.95782338247191,2.69566791764537,4.35103874511917,3.29888623718907,2.56483820368831,4.28580828942973,1.76727347463833,1.8996157402563,3.08915849145244,3.03140834713071,1.44092440393419,0.900856844686089,0.496620976490062,2.73848859907267,2.1868670713461,1.44747938147508,3.59775675320324,1.87948127249844,1.0022295531149,0.962547053555845,1.07677813721784,1.51723959227351,1.17348250494484,1.05504900227761,0.587244381078537,0.315910223305965,0.759793918330397,1.69359173252349,1.47603195651159,1.41452031173238,0.446915793694925,0.429557995925634,1.04116811109325,0.925338294908637,0.603329456838509,1.87013872699539,0.3622534050478,1.12553197545317,3.42901581590816,0.465442607845388,0.408225047967652,2.95585305772834,3.48233744603628,3.93215827321127,5.4191507762673,3.38885136342718,3.104619269433,1.86427732108952,0.916339995769731,15.9237581233114,1.92088126761035,1.12645477983986,1.71709730890069,1.72994585315446,1.4492588434171,1.64485327470718,2.1233602402443,3.07902439757763,3.41111075338264,4.70865402475129,0.893594951190134,2.04621314735716,0,4.78652489475335,3.37394526118621,1.84840708607093,0.414977165752724,1.43759397013229,2.04205025272884,0.279224540623402,0.0987029804991785,1.48635368696874,1.40863617101558,0.260296828509257,0.453452315909196,0.264340886560421,0.273874985368442
"17-; 15-; 13-MeC33","Methyl",33,3327,0.162350752307694,1.86878831290363,0.218301224906016,0.644646806721591,0.565885649461267,0.408422728585728,0.622056495225348,0.363693618929879,0.355502614857599,0.812101059742074,0,0,0,0,0,0,0,0,0,0,1.10466197457683,1.6596504926751,6.83943719713998,5.43199590144465,4.39295882350206,1.04596114395041,2.01618286897553,1.1102029964381,1.4844049663693,1.33775643277581,0,0,0,0,0,0,0,0,0,0,1.86963493348812,0.797561000520771,4.28913553627831,1.1819619377184,0.718096819901409,0,0.465174809138051,1.23090542903341,0.962072596107311,0.723792491764643,0,0,0,0,0,0,0,0,0,0,1.43293378896696,0,1.75438539691964,0,0.317499211631946,5.89497446759697,1.87001396007737,0.239648824831449,1.39430284419896,0.169646210133318,0,0,0,0,0,0,0,0,0,0,3.98070049845577,1.15956862785085,3.7797633026037,4.05277426138188,0.726262328364709,0.117415775137991,0.7016418651243,1.06572290937254,0.856620533473092,3.69722830091262,0,0,0,0,0,0,0,0,0,0,0,0,0,0,0,0,0,0,0,0,0,0,0,0,0,0,0,0,0,0
"13, 19-diMeC33","Dimethyl",33,3349,0.0782822474941838,0.461656903275114,0.228092611774047,0.435532129184549,0.29346421594392,0.269512612566604,0.546164833218962,0.291077362970647,0.24204197866454,0.583115012207302,0,0,0,0,0,0,0,0,0,0,0,0,0,0,0,0,0,0,0,0,0,0,0,0,0,0,0,0,0,0,0,0,0,0,0,0,0,0,0,0,0,0,0,0,0,0,0,0,0,0,0,0,0,0,0,0,0,0,0,0,0,0,0,0,0,0,0,0,0,0,0,0,0,0,0,0,0,0,0,0,0,0,0,0,0,0,0,0,0,0,0,0,0,0,0,0,0,0,0,0,0,0,0,0,0,0,0,0,0,0
"C35:2_1","Alkadiene",35,3449,0.188921883938673,0.531765661092476,0.608158705572456,0.649382226698477,0.507709361592156,0.648145187438039,1.134770368629,0.363252229468384,0.402236707128687,1.06170715323746,0.423452836707385,0.526995666956004,0.399212924447706,0.495278505967567,0,1.32502740421715,0,1.50391655264146,0,0.813662976840501,2.89713588810702,3.30064381770819,2.70075725961237,3.29783584420081,0.804179419768779,4.34513284413067,3.52135476063752,4.75172898791802,4.42813577915893,4.5901568456922,0.327186765750064,0.302946137756782,0.231809604244,0.775617206500322,0.6319580891993,0,1.76624950592267,1.51681795600824,2.07728593542085,1.20335835287474,2.07815747693488,2.51415418759893,1.83940325567194,3.24323788428657,1.98332740051909,1.205293731451,1.20669223820123,1.21589903088893,1.72970562483624,1.93624103120134,0,0,0,0,0,0,0,0,0,0,0.643441155152579,0.263795463589093,0.745644865050556,0.239623670917062,0.669586733169302,0.413384680529665,10.2841820180596,0.420218052430719,0.319288824083256,0.394849809501298,0,0,0,0,0,0,0,0,0,0,0.612423276631388,4.53127826674637,0.650806314693388,0.142715901672303,3.03982717379112,0.937938889771115,2.57445754677528,1.56145735908476,2.58531122785194,3.77712558174443,0.386437262363729,0.756751533179259,0,2.59040093341259,1.93728543471514,0.220391230582523,0,0,0,0,0.205654053061837,0.396742606060319,0.703436006772693,0,0.201486855739074,0,0.185925770803227,0.420868535906969,0,0.117240602642534,0.204069124700788,0.0871948209730884,0.0827897396235106,0.0324784878410455,0.117759420375814,0.134476493972987,0.078922448952538,0.0689692353915747,0.0422327493871681,0.0625799564877733
"C35:2_2","Alkadiene",35,3454,0,0,0,0,0,0,0,0,0,0,0,0,0,0,0,0,0,0,0,0,0,0,0,0,0,0,0,0,0,0,0,0,0,0,0,0,0,0,0,0,0,0,0,0,0,0,0,0,0,0,0,0,0,0,0,0,0,0,0,0,0,0,0,0,0,0,0,0,0,0,0,0,0,0,0,0,0,0,0,0,0,0,0,0,0,0,0,0,0,0,0,0,0.96645439505893,1.43494073043053,0,0,1.14142898111712,1.4245218594795,0.924864889838673,1.17416222261035,0,0,0,0,0,0,0,0,0,0,0,0,0,0,0,0,0,0,0,0
"12-; 10-C35:1","Alkene",35,3470,0.246037886643788,0.631453172823828,0.649895433546215,0.667158219400958,0.518430468830659,0.464047295439435,0.519488365594565,0.347582681120548,0.312477631051151,0.593382439034095,0,0,0,0,0,0,0,0,0,0,4.10249856397916,5.04520530874342,4.19912227010541,0.775112120640317,1.35959120003503,4.34442540752306,4.02523653433934,5.06864981475265,4.18689731960442,4.59171396896614,0.509558647372887,0.611050678802991,0.442866871537777,0.926181391147963,0.822540835225938,3.23032449733682,1.98727063363653,1.70647845814828,2.56353927646287,1.3844863044906,1.98899357478765,2.91111641756227,1.94314936607332,2.89154815549222,2.21989138395652,1.21214961275421,1.14973230576123,1.52726732853379,1.81915049212403,1.54995044866008,0,0,0,0,0,0,0,0,0,0,0.635081453449151,0.362456749787824,0.702973334833922,0.569437946902997,0.791685114670872,0.295321936092116,0,0.40504851051501,0.354162544254121,0.369933331242373,0,0,0,0,0,0,0,0,0,0,0.879168867077836,4.66986034276085,0.903862526490441,0.181880630374563,3.80771430760472,0.784320278045621,4.43085942648401,1.23872756507533,2.52445547596113,1.86818958420483,0.618316462489958,0.377686199942449,1.002932287551,1.62705698061146,1.44702359126989,0,0,0.915695415184297,0.802158848101619,0.96206554234996,0.635989660141731,0.847837825476932,0.966895408314213,0,0.566164101678187,0,0.761800281476989,0.756471618851858,1.40180499580169,0.206052441619616,0.296373382224107,0.252555015965949,0.205326446842087,0,0.185857440490799,0.213415536008148,0.0989614437202188,0.0112052523839337,0.100061161099873,0.113370941239904
"C35","Alkane",35,3500,0,0,0,0,0,0,0,0,0,0,0,0,0,0,0,0,0,0,0,0,0.253761805121574,0.536460103263572,0.469283451762805,0,0.0996680594107616,0.472656718113418,0.596885633157525,0.667992273794903,0.432649826187141,0.531604327820436,0,0.133316145101246,0.175398589246179,0.0677875853955266,0.172260031357492,0,0.447833630982143,0.339896866304087,1.1507273853206,0.323564355903592,0,0,0,0,0,0,0,0,0,0,0,0,0,0,0,0,0,0,0,0,0,0,0,0,0,0,0,0,0,0,0,0,0,0,0,0,0,0,0,0,0,0,0,0,0,0,0,0,0,0,0,0,0,0,0,0,0,0,0,0,0,0,0,0,0,0,0,0,0,0,0,0,0,0,0,0,0,0,0,0
"19-; 17-; 15-MeC37","Methyl",37,3722,0,0,0,0,0,0,0,0,0,0,0,0,0,0,0,0,0,0,0,0,0.110648769551345,0.277375419292425,0.25670173696694,0.292691727022109,0.54222991807508,0.0706545465083824,0.0535799292575556,0.0991936518061504,0.154245825859526,0.0691971587851207,0,0,0,0,0,0,0,0,0,0,0,0,0,0,0,0,0,0,0,0,0,0,0,0,0,0,0,0,0,0,0,0,0,0,0,0,0,0,0,0,0,0,0,0,0,0,0,0,0,0,0,0,0,0,0,0,0,0,0,0,0,0,0,0,0,0,0,0,0,0,0,0,0,0,0,0,0,0,0,0,0,0,0,0,0,0,0,0,0,0
